Cyclosporine,CC[C@@H]1NC(=O)[C@H]([C@H](O)[C@H](C)C\C=C\C)N(C)C(=O)[C@H](C(C)C)N(C)C(=O)[C@H](CC(C)C)N(C)C(=O)[C@H](CC(C)C)N(C)C(=O)[C@@H](C)NC(=O)[C@H](C)NC(=O)[C@H](CC(C)C)N(C)C(=O)[C@@H](NC(=O)[C@H](CC(C)C)N(C)C(=O)CN(C)C1=O)C(C)C,Yes,|inhibitor|,Drugbank 5.0
Glutathione,N[C@@H](CCC(=O)N[C@@H](CS)C(=O)NCC(O)=O)C(O)=O,Yes,|substrate|inhibitor|,Drugbank 5.0
Indinavir,CC(C)(C)NC(=O)[C@@H]1CN(CC2=CN=CC=C2)CCN1C[C@@H](O)C[C@@H](CC1=CC=CC=C1)C(=O)N[C@@H]1[C@H](O)CC2=CC=CC=C12,Yes,|inhibitor|,Drugbank 5.0
Indomethacin,COC1=CC2=C(C=C1)N(C(=O)C1=CC=C(Cl)C=C1)C(C)=C2CC(O)=O,Yes,|inhibitor|,Drugbank 5.0
Aminohippuric acid,NC1=CC=C(C=C1)C(=O)NCC(O)=O,Yes,|substrate|,Drugbank 5.0
Grepafloxacin,CC1CN(CCN1)C1=C(F)C(C)=C2C(=O)C(=CN(C3CC3)C2=C1)C(O)=O,Yes,|substrate|,Drugbank 5.0
Progesterone,[H][C@@]12CC[C@H](C(C)=O)[C@@]1(C)CC[C@@]1([H])[C@@]2([H])CCC2=CC(=O)CC[C@]12C,Yes,|inhibitor|,Drugbank 5.0
Zoledronic acid,OC(CN1C=CN=C1)(P(O)(O)=O)P(O)(O)=O,Yes,|substrate|,Drugbank 5.0
Epirubicin,COC1=CC=CC2=C1C(=O)C1=C(O)C3=C(C[C@](O)(C[C@@H]3O[C@H]3C[C@H](N)[C@@H](O)[C@H](C)O3)C(=O)CO)C(O)=C1C2=O,Yes,|substrate|,Drugbank 5.0
Ritonavir,CC(C)[C@H](NC(=O)N(C)CC1=CSC(=N1)C(C)C)C(=O)N[C@H](C[C@H](O)[C@H](CC1=CC=CC=C1)NC(=O)OCC1=CN=CS1)CC1=CC=CC=C1,Yes,|inhibitor|inducer|,Drugbank 5.0
Vincristine,[H][C@@]12N3CC[C@@]11C4=CC(=C(OC)C=C4N(C=O)[C@@]1([H])[C@](O)([C@H](OC(C)=O)[C@]2(CC)C=CC3)C(=O)OC)[C@]1(C[C@]2([H])CN(C[C@](O)(CC)C2)CCC2=C1NC1=CC=CC=C21)C(=O)OC,Yes,|substrate|inhibitor|,Drugbank 5.0
Methotrexate,CN(CC1=CN=C2N=C(N)N=C(N)C2=N1)C1=CC=C(C=C1)C(=O)N[C@@H](CCC(O)=O)C(O)=O,Yes,|substrate|inhibitor|,Drugbank 5.0
Vinblastine,[H][C@@]12N(C)C3=CC(OC)=C(C=C3[C@@]11CCN3CC=C[C@](CC)([C@@]13[H])[C@@]([H])(OC(C)=O)[C@]2(O)C(=O)OC)[C@]1(C[C@@]2([H])CN(C[C@](O)(CC)C2)CCC2=C1NC1=CC=CC=C21)C(=O)OC,Yes,|substrate|inhibitor|inducer|,Drugbank 5.0
Diclofenac,OC(=O)CC1=CC=CC=C1NC1=C(Cl)C=CC=C1Cl,Yes,|inhibitor|,Drugbank 5.0
Ivermectin,CO[C@H]1C[C@@H](O[C@@H](C)[C@@H]1O)O[C@H]1[C@H](C)O[C@H](C[C@@H]1OC)O[C@H]1[C@@H](C)\C=C\C=C2/CO[C@@H]3[C@H](O)C(C)=C[C@@H](C(=O)O[C@H]4C[C@@H](C\C=C1/C)O[C@@]1(CC[C@H](C)[C@@H](C(C)C)O1)C4)[C@]23O.CC[C@@H](C)[C@H]1O[C@@]2(CC[C@@H]1C)O[C@@H]1C\C=C(C)\[C@@H](O[C@@H]3O[C@@H](C)[C@H](O[C@@H]4O[C@@H](C)[C@H](O)[C@@H](OC)C4)[C@@H](OC)C3)[C@@H](C)\C=C\C=C3/CO[C@@H]4[C@H](O)C(C)=C[C@@H](C(=O)O[C@@H](C1)C2)[C@]34O,Yes,|inhibitor|,Drugbank 5.0
Verapamil,COC1=C(OC)C=C(CCN(C)CCCC(C#N)(C(C)C)C2=CC(OC)=C(OC)C=C2)C=C1,Yes,|inhibitor|,Drugbank 5.0
Fluorescein,OC1=CC2=C(C=C1)C1(OC(=O)C3=CC=CC=C13)C1=C(O2)C=C(O)C=C1,Yes,|substrate|,Drugbank 5.0
Daunorubicin,COC1=CC=CC2=C1C(=O)C1=C(O)C3=C(C[C@](O)(C[C@@H]3O[C@H]3C[C@H](N)[C@H](O)[C@H](C)O3)C(C)=O)C(O)=C1C2=O,Yes,|substrate|inhibitor|,Drugbank 5.0
Amprenavir,CC(C)CN(C[C@@H](O)[C@H](CC1=CC=CC=C1)NC(=O)O[C@H]1CCOC1)S(=O)(=O)C1=CC=C(N)C=C1,Yes,|inhibitor|,Drugbank 5.0
Lamivudine,NC1=NC(=O)N(C=C1)[C@@H]1CS[C@H](CO)O1,Yes,|inhibitor|,Drugbank 5.0
Irinotecan,CCC1=C2CN3C(=CC4=C(COC(=O)[C@]4(O)CC)C3=O)C2=NC2=C1C=C(OC(=O)N1CCC(CC1)N1CCCCC1)C=C2,Yes,|substrate|,Drugbank 5.0
Etoposide,[H][C@]12COC(=O)[C@]1([H])[C@H](C1=CC(OC)=C(O)C(OC)=C1)C1=CC3=C(OCO3)C=C1[C@H]2O[C@@H]1O[C@]2([H])CO[C@@H](C)O[C@@]2([H])[C@H](O)[C@H]1O,Yes,|substrate|inhibitor|,Drugbank 5.0
Mifepristone,[H][C@@]12CC[C@@](O)(C#CC)[C@@]1(C)C[C@H](C1=CC=C(C=C1)N(C)C)C1=C3CCC(=O)C=C3CC[C@@]21[H],Yes,|inhibitor|,Drugbank 5.0
Dactinomycin,[H][C@@]12CCCN1C(=O)[C@H](NC(=O)[C@@H](NC(=O)C1=C3N=C4C(OC3=C(C)C=C1)=C(C)C(=O)C(N)=C4C(=O)N[C@H]1[C@@H](C)OC(=O)[C@H](C(C)C)N(C)C(=O)CN(C)C(=O)[C@]3([H])CCCN3C(=O)[C@H](NC1=O)C(C)C)[C@@H](C)OC(=O)[C@H](C(C)C)N(C)C(=O)CN(C)C2=O)C(C)C,Yes,|substrate|,Drugbank 5.0
Doxorubicin,COC1=CC=CC2=C1C(=O)C1=C(O)C3=C(C[C@](O)(C[C@@H]3O[C@H]3C[C@H](N)[C@H](O)[C@H](C)O3)C(=O)CO)C(O)=C1C2=O,Yes,|substrate|inhibitor|,Drugbank 5.0
Glyburide,COC1=C(C=C(Cl)C=C1)C(=O)NCCC1=CC=C(C=C1)S(=O)(=O)NC(=O)NC1CCCCC1,Yes,|inhibitor|,Drugbank 5.0
Probenecid,CCCN(CCC)S(=O)(=O)C1=CC=C(C=C1)C(O)=O,Yes,|inhibitor|,Drugbank 5.0
Rifampicin,CO[C@H]1\C=C\O[C@@]2(C)OC3=C(C2=O)C2=C(O)C(\C=N\N4CCN(C)CC4)=C(NC(=O)\C(C)=C/C=C/[C@H](C)[C@H](O)[C@@H](C)[C@@H](O)[C@@H](C)[C@H](OC(C)=O)[C@@H]1C)C(O)=C2C(O)=C3C,Yes,|inhibitor|,Drugbank 5.0
Ibuprofen,CC(C)CC1=CC=C(C=C1)C(C)C(O)=O,Yes,|inhibitor|,Drugbank 5.0
Atazanavir,COC(=O)N[C@H](C(=O)N[C@@H](CC1=CC=CC=C1)[C@@H](O)CN(CC1=CC=C(C=C1)C1=CC=CC=N1)NC(=O)[C@@H](NC(=O)OC)C(C)(C)C)C(C)(C)C,Yes,|substrate|inhibitor|,Drugbank 5.0
Atorvastatin,CC(C)C1=C(C(=O)NC2=CC=CC=C2)C(=C(N1CC[C@@H](O)C[C@@H](O)CC(O)=O)C1=CC=C(F)C=C1)C1=CC=CC=C1,Yes,|substrate|,Drugbank 5.0
Rosuvastatin,CC(C)C1=NC(=NC(C2=CC=C(F)C=C2)=C1\C=C\[C@@H](O)C[C@@H](O)CC(=O)O)N(C)S(C)(=O)=O,Yes,|substrate|,Drugbank 5.0
Sulfinpyrazone,O=C1C(CCS(=O)C2=CC=CC=C2)C(=O)N(N1C1=CC=CC=C1)C1=CC=CC=C1,Yes,|inhibitor|,Drugbank 5.0
Ofloxacin,CC1COC2=C3N1C=C(C(O)=O)C(=O)C3=CC(F)=C2N1CCN(C)CC1,Yes,|inhibitor|,Drugbank 5.0
Phenobarbital,CCC1(C(=O)NC(=O)NC1=O)C1=CC=CC=C1,No,|inducer|,Drugbank 5.0
Idarubicin,C[C@@H]1O[C@H](C[C@H](N)[C@@H]1O)O[C@H]1C[C@@](O)(CC2=C1C(O)=C1C(=O)C3=CC=CC=C3C(=O)C1=C2O)C(C)=O,Yes,|inhibitor|,Drugbank 5.0
Mitoxantrone,OCCNCCNC1=C2C(=O)C3=C(O)C=CC(O)=C3C(=O)C2=C(NCCNCCO)C=C1,Yes,|substrate|inhibitor|,Drugbank 5.0
Paclitaxel,[H][C@]12[C@H](OC(=O)C3=CC=CC=C3)[C@]3(O)C[C@H](OC(=O)[C@H](O)[C@@H](NC(=O)C4=CC=CC=C4)C4=CC=CC=C4)C(C)=C([C@@H](OC(C)=O)C(=O)[C@]1(C)[C@@H](O)C[C@H]1OC[C@@]21OC(C)=O)C3(C)C,Yes,|inhibitor|,Drugbank 5.0
Saquinavir,[H][C@@](O)(CN1C[C@@]2([H])CCCC[C@@]2([H])C[C@@]1([H])C(O)=NC(C)(C)C)[C@]([H])(CC1=CC=CC=C1)N=C(O)[C@]([H])(CC(O)=N)NC(=O)C1=NC2=CC=CC=C2C=C1,Yes,|substrate|,Drugbank 5.0
Docetaxel,[H][C@@]12C[C@H](O)[C@@]3(C)C(=O)[C@H](O)C4=C(C)[C@H](C[C@@](O)([C@@H](OC(=O)C5=CC=CC=C5)[C@]3([H])[C@@]1(CO2)OC(C)=O)C4(C)C)OC(=O)[C@H](O)[C@@H](NC(=O)OC(C)(C)C)C1=CC=CC=C1,Yes,|substrate|,Drugbank 5.0
Colchicine,COC1=CC2=C(C(OC)=C1OC)C1=CC=C(OC)C(=O)C=C1C(CC2)NC(C)=O,Yes,|substrate|,Drugbank 5.0
Genistein,OC1=CC=C(C=C1)C1=COC2=C(C(O)=CC(O)=C2)C1=O,Yes,|inhibitor|,Drugbank 5.0
Myricetin,OC1=CC(O)=C2C(OC(=C(O)C2=O)C2=CC(O)=C(O)C(O)=C2)=C1,Yes,|inhibitor|,Drugbank 5.0
Cholic Acid,[H][C@@](C)(CCC(O)=O)[C@@]1([H])CC[C@@]2([H])[C@]3([H])[C@]([H])(O)C[C@]4([H])C[C@]([H])(O)CC[C@]4(C)[C@@]3([H])C[C@]([H])(O)[C@]12C,No,|inducer|,Drugbank 5.0
Naringenin,[H][C@]1(CC(=O)C2=C(O1)C=C(O)C=C2O)C1=CC=C(O)C=C1,Yes,|inhibitor|,Drugbank 5.0
Rhodamine 6G,[Cl-].CCNC1=CC2=[O+]C3=C(C=C(C)C(NCC)=C3)C(C3=CC=CC=C3C(=O)OCC)=C2C=C1C,Yes,|substrate|,Drugbank 5.0
Quercetin,OC1=CC2=C(C(O)=C1)C(=O)C(O)=C(O2)C1=CC=C(O)C(O)=C1,Yes,|inhibitor|inducer|,Drugbank 5.0
Taurocholic Acid,[H][C@@]1(CC[C@@]2([H])[C@]3([H])[C@H](O)C[C@]4([H])C[C@H](O)CC[C@]4(C)[C@@]3([H])C[C@H](O)[C@]12C)[C@H](C)CCC(=O)NCCS(O)(=O)=O,Yes,|inhibitor|inducer|,Drugbank 5.0
Vandetanib,COC1=C(OCC2CCN(C)CC2)C=C2N=CN=C(NC3=C(F)C=C(Br)C=C3)C2=C1,Yes,|inhibitor|,Drugbank 5.0
Abiraterone,[H][C@@]12CC=C(C3=CC=CN=C3)[C@@]1(C)CC[C@@]1([H])[C@@]2([H])CC=C2C[C@@H](O)CC[C@]12C,Yes,|inhibitor|,Drugbank 5.0
Saxagliptin,N[C@H](C(=O)N1[C@H]2C[C@H]2C[C@H]1C#N)C12CC3CC(CC(O)(C3)C1)C2,Yes,|substrate|,Drugbank 5.0
Vemurafenib,CCCS(=O)(=O)NC1=C(F)C(C(=O)C2=CNC3=NC=C(C=C23)C2=CC=C(Cl)C=C2)=C(F)C=C1,Yes,|substrate|inhibitor|,Drugbank 5.0
Technetium Tc-99m sestamibi,[Tc+].COC(C)(C)C[N+]#[C-].COC(C)(C)C[N+]#[C-].COC(C)(C)C[N+]#[C-].COC(C)(C)C[N+]#[C-].COC(C)(C)C[N+]#[C-].COC(C)(C)C[N+]#[C-],Yes,|substrate|,Drugbank 5.0
Acemetacin,COC1=CC2=C(C=C1)N(C(=O)C1=CC=C(Cl)C=C1)C(C)=C2CC(=O)OCC(O)=O,Yes,|substrate|,Drugbank 5.0
leukotriene C4,,,,
estradiol-17-beta-o-glucuronide,,,,
glucuronide ,,,,
sulfate ,,,,
17β-estradiol 17-(β-d-glucuronide) ,,,,
estrone 3-sulfate ,,,,
prohenecid,,,|inhibitor|,
Sodium vanadate,,,|inhibitor|,
dinitrophenol,,,|substrate|,
C6-NDB-GlcCer,,,|substrate|,
hyodeoxycholate,,,|substrate|,
Bilirubin glucuronide,,,|substrate|,
Maleic acid,,,|substrate|,
Chlorambucil,,,|substrate|,
prostaglandine A,,,|substrate|,
daunomycin,,,|substrate|,
C6-NDB-PS,,,|substrate|,
Bilirubin,,,|substrate|,
edatrexate,,,|substrate|,
ZD1694,,,|substrate|,
SN‐38,,,|substrate|,
flutamide,,,|substrate|,
hydroxyflutamide,,,|substrate|,
Difloxacin,,,|substrate|,
Sodium arsenite,,,|substrate|,
sodium arsenate,,,|substrate|,
potassium antimonite,,,|substrate|,
potassium antimony tartrate,,,|substrate|,
Calcein,,,|substrate|,
Fluo‐3,,,|substrate|,
BCECF,,,|substrate|,
SNARF,,,|substrate|,
Aflatoxin B1,,,|substrate|,
methoxychlor,,,|substrate|,
fenitrothion,,,|substrate|,
chlorpropham,,,|substrate|,
GSH,,,|substrate|,
GSSG,,,|substrate|,
Folic acid,,,|substrate|,
l‐leucovorin,,,|substrate|,
Estrone 3‐sulfate,,,|substrate|,
dehydroepiandrosterone sulfate,,,|substrate|,
sulfatolithocholate,,,|substrate|,
17β‐Estradiol‐17‐β‐d‐gluc,,,|substrate|,
glucuronosylbilirubin,,,|substrate|,
bis‐lucuronosylbilirubin,,,|substrate|,
hyodeoxycholate‐6‐α‐Gluc,,,|substrate|,
prostaglandin A2‐SG,,,|substrate|,
15‐deoxy‐Δ,,,|substrate|,
prostaglandin J2‐SG,,,|substrate|,
hydroxynonenal‐SG,,,|substrate|,
"Etoposide‐Gluc, 4‐(methylnitrosamino)‐1‐(3‐pyridyl)‐1‐butanol (NNAL)‐3β‐O‐Gluc",,,|substrate|,
"SN‐38‐gluc, 4‐methylumbelliferyl‐β‐d‐gluc",,,|substrate|,
"6‐hydroxy‐5,7‐dimethyl‐2‐methylamino‐4‐(3‐pyridylmethyl) benzothiazole sulfate (E3040S)‐Gluc",,,|substrate|,
"2,4‐Dinitrophenyl‐SG",,,|substrate|,
bimane‐SG,,,|substrate|,
N‐ethylmaleimide‐SG,,,|substrate|,
doxorubicin‐SG,,,|substrate|,
thiotepa‐SG,,,|substrate|,
cyclophosphamide‐SG,,,|substrate|,
melphalan‐SG,,,|substrate|,
chlorambucil‐SG,,,|substrate|,
ethacrynic acid‐SG,,,|substrate|,
metolachlor‐SG,,,|substrate|,
atrazine‐SG,,,|substrate|,
sulforaphane‐SG,,,|substrate|,
aflatoxin B1‐epoxide‐SG,,,|substrate|,
4‐nitroquinoline 1‐oxide‐SG,,,|substrate|,
As(SG)3,,,|substrate|,
Reversan ,,,|inhibitor|,
pyrazolopyrimidine,,,,
CBLC4H10,,,,
CBLC4E10,,,,
CBLC4E11,,,,
Cisplatin,,,,
antimonial ,,,,
arsenical oxyanions,,,,
 prostaglandin (PG)A2,,,,
"15-deoxy-Δ12,14-PGJ2",,,,
4-hydroxynonenal,,,,
glutathione disulfide,,,,
