Choline,C[N+](C)(C)CCO,Yes,|substrate|inhibitor|,Drugbank 5.0
Spermine,NCCCNCCCCNCCCN,Yes,|substrate|,Drugbank 5.0
Thiamine,CC1=C(CCO)SC=[N+]1CC1=CN=C(C)N=C1N,Yes,|inhibitor|,Drugbank 5.0
Nicotine,CN1CCC[C@H]1C1=CN=CC=C1,Yes,|inhibitor|,Drugbank 5.0
Reserpine,[H][C@]12C[C@@H](OC(=O)C3=CC(OC)=C(OC)C(OC)=C3)[C@H](OC)[C@@H](C(=O)OC)[C@@]1([H])C[C@@]1([H])N(CCC3=C1NC1=C3C=CC(OC)=C1)C2,Yes,|inhibitor|,Drugbank 5.0
Nelfinavir,[H][C@@]12CCCC[C@]1([H])CN(C[C@@H](O)[C@H](CSC1=CC=CC=C1)NC(=O)C1=C(C)C(O)=CC=C1)[C@@H](C2)C(=O)NC(C)(C)C,Yes,|inhibitor|,Drugbank 5.0
Indinavir,CC(C)(C)NC(=O)[C@@H]1CN(CC2=CN=CC=C2)CCN1C[C@@H](O)C[C@@H](CC1=CC=CC=C1)C(=O)N[C@@H]1[C@H](O)CC2=CC=CC=C12,Yes,|inhibitor|,Drugbank 5.0
Cladribine,NC1=C2N=CN([C@H]3C[C@H](O)[C@@H](CO)O3)C2=NC(Cl)=N1,Yes,|substrate|,Drugbank 5.0
Disopyramide,CC(C)N(CCC(C(N)=O)(C1=CC=CC=C1)C1=NC=CC=C1)C(C)C,Yes,|inhibitor|,Drugbank 5.0
Codeine,[H][C@@]12OC3=C(OC)C=CC4=C3[C@@]11CCN(C)[C@]([H])(C4)[C@]1([H])C=C[C@@H]2O,Yes,|substrate|,Drugbank 5.0
Metformin,CN(C)C(=N)NC(N)=N,Yes,|substrate|inhibitor|,Drugbank 5.0
Aminohippuric acid,NC1=CC=C(C=C1)C(=O)NCC(O)=O,Yes,|inhibitor|,Drugbank 5.0
Norepinephrine,NC[C@H](O)C1=CC(O)=C(O)C=C1,Yes,|substrate|,Drugbank 5.0
Progesterone,[H][C@@]12CC[C@H](C(C)=O)[C@@]1(C)CC[C@@]1([H])[C@@]2([H])CCC2=CC(=O)CC[C@]12C,Yes,|inhibitor|,Drugbank 5.0
Gentian Violet,CN(C)C1=CC=C(C=C1)C(C1=CC=C(C=C1)N(C)C)=C1C=CC(C=C1)=[N+](C)C,Yes,|inhibitor|,Drugbank 5.0
Pramipexole,CCCN[C@H]1CCC2=C(C1)SC(N)=N2,Yes,|substrate|,Drugbank 5.0
Prazosin,COC1=C(OC)C=C2C(N)=NC(=NC2=C1)N1CCN(CC1)C(=O)C1=CC=CO1,Yes,|inhibitor|,Drugbank 5.0
Imipramine,CN(C)CCCN1C2=CC=CC=C2CCC2=CC=CC=C12,Yes,|inhibitor|,Drugbank 5.0
Quinine,[H][C@]1(C[C@@H]2CC[N@]1C[C@@H]2C=C)[C@H](O)C1=CC=NC2=CC=C(OC)C=C12,Yes,|substrate|inhibitor|,Drugbank 5.0
Chlorpromazine,CN(C)CCCN1C2=CC=CC=C2SC2=C1C=C(Cl)C=C2,Yes,|inhibitor|,Drugbank 5.0
Cimetidine,C\N=C(\NCCSCC1=C(C)NC=N1)NC#N,Yes,|substrate|inhibitor|,Drugbank 5.0
Caspofungin,CCC(C)CC(C)CCCCCCCCC(=O)N[C@H]1C[C@@H](O)[C@@H](NCCN)NC(=O)[C@@H]2[C@@H](O)CCN2C(=O)[C@@H](NC(=O)[C@@H](NC(=O)[C@@H]2C[C@@H](O)CN2C(=O)[C@@H](NC1=O)[C@@H](C)O)[C@H](O)[C@@H](O)C1=CC=C(O)C=C1)[C@H](O)CCN,Yes,|inhibitor|,Drugbank 5.0
Oxaliplatin,[H][N]1([H])[C@@H]2CCCC[C@H]2[N]([H])([H])[Pt]11OC(=O)C(=O)O1,Yes,|substrate|,Drugbank 5.0
Guanidine,NC(N)=N,Yes,|inhibitor|,Drugbank 5.0
Clonidine,ClC1=CC=CC(Cl)=C1NC1=NCCN1,Yes,|inhibitor|,Drugbank 5.0
Amiloride,NC(N)=NC(=O)C1=C(N)N=C(N)C(Cl)=N1,Yes,|inhibitor|,Drugbank 5.0
Imatinib,CN1CCN(CC2=CC=C(C=C2)C(=O)NC2=CC(NC3=NC=CC(=N3)C3=CN=CC=C3)=C(C)C=C2)CC1,Yes,|substrate|inhibitor|,Drugbank 5.0
Testosterone,[H][C@@]12CC[C@H](O)[C@@]1(C)CC[C@@]1([H])[C@@]2([H])CCC2=CC(=O)CC[C@]12C,Yes,|inhibitor|,Drugbank 5.0
Latanoprost,CC(C)OC(=O)CCC\C=C/C[C@H]1[C@@H](O)C[C@@H](O)[C@@H]1CC[C@@H](O)CCC1=CC=CC=C1,Yes,|,Drugbank 5.0
Verapamil,COC1=C(OC)C=C(CCN(C)CCCC(C#N)(C(C)C)C2=CC(OC)=C(OC)C=C2)C=C1,Yes,|inhibitor|,Drugbank 5.0
Epinephrine,CNC[C@H](O)C1=CC(O)=C(O)C=C1,Yes,|substrate|inhibitor|,Drugbank 5.0
Midazolam,CC1=NC=C2CN=C(C3=CC=CC=C3F)C3=C(C=CC(Cl)=C3)N12,Yes,|inhibitor|,Drugbank 5.0
Lamivudine,NC1=NC(=O)N(C=C1)[C@@H]1CS[C@H](CO)O1,Yes,|substrate|,Drugbank 5.0
Rocuronium,[H][C@@]12C[C@@H]([C@H](OC(C)=O)[C@@]1(C)CC[C@@]1([H])[C@@]2([H])CC[C@@]2([H])C[C@H](O)[C@H](C[C@]12C)N1CCOCC1)[N+]1(CC=C)CCCC1,Yes,|inhibitor|,Drugbank 5.0
Estradiol,[H][C@@]12CC[C@H](O)[C@@]1(C)CC[C@]1([H])C3=C(CC[C@@]21[H])C=C(O)C=C3,Yes,|inhibitor|,Drugbank 5.0
Aciclovir,NC1=NC(=O)C2=C(N1)N(COCCO)C=N2,Yes,|inhibitor|,Drugbank 5.0
Ranitidine,CN\C(NCCSCC1=CC=C(CN(C)C)O1)=C/[N+]([O-])=O,Yes,|inhibitor|,Drugbank 5.0
Quinidine,[H][C@@]12CCN(C[C@@H]1C=C)[C@]([H])(C2)[C@@H](O)C1=C2C=C(OC)C=CC2=NC=C1,Yes,|substrate|inhibitor|,Drugbank 5.0
Phenformin,NC(=N)NC(=N)NCCC1=CC=CC=C1,Yes,|substrate|inhibitor|,Drugbank 5.0
Amantadine,NC12CC3CC(CC(C3)C1)C2,Yes,|inhibitor|,Drugbank 5.0
Dinoprostone,CCCCC[C@H](O)\C=C\[C@H]1[C@H](O)CC(=O)[C@@H]1C\C=C/CCCC(O)=O,Yes,|inhibitor|,Drugbank 5.0
Phenoxybenzamine,CC(COC1=CC=CC=C1)N(CCCl)CC1=CC=CC=C1,Yes,|inhibitor|,Drugbank 5.0
Cytarabine,NC1=NC(=O)N(C=C1)[C@@H]1O[C@H](CO)[C@@H](O)[C@@H]1O,Yes,|substrate|,Drugbank 5.0
Dopamine,NCCC1=CC(O)=C(O)C=C1,Yes,|substrate|inhibitor|,Drugbank 5.0
Ganciclovir,NC1=NC2=C(N=CN2COC(CO)CO)C(=O)N1,Yes,|inhibitor|,Drugbank 5.0
Probenecid,CCCN(CCC)S(=O)(=O)C1=CC=C(C=C1)C(O)=O,Yes,|inhibitor|,Drugbank 5.0
Procainamide,CCN(CC)CCNC(=O)C1=CC=C(N)C=C1,Yes,|inhibitor|,Drugbank 5.0
Diphenhydramine,CN(C)CCOC(C1=CC=CC=C1)C1=CC=CC=C1,Yes,|inhibitor|,Drugbank 5.0
Chlorphenamine,CN(C)CCC(C1=CC=C(Cl)C=C1)C1=CC=CC=N1,Yes,|inhibitor|,Drugbank 5.0
Desipramine,CNCCCN1C2=CC=CC=C2CCC2=CC=CC=C12,Yes,|inhibitor|,Drugbank 5.0
Acebutolol,CCCC(=O)NC1=CC(C(C)=O)=C(OCC(O)CNC(C)C)C=C1,Yes,|inhibitor|,Drugbank 5.0
Tubocurarine,[H][C@@]12CC3=CC=C(OC4=C5C(CC[N+](C)(C)[C@]5([H])CC5=CC(OC6=C(OC)C=C(CCN1C)C2=C6)=C(O)C=C5)=CC(OC)=C4O)C=C3,Yes,|substrate|,Drugbank 5.0
Saquinavir,[H][C@@](O)(CN1C[C@@]2([H])CCCC[C@@]2([H])C[C@@]1([H])C(O)=NC(C)(C)C)[C@]([H])(CC1=CC=CC=C1)N=C(O)[C@]([H])(CC(O)=N)NC(=O)C1=NC2=CC=CC=C2C=C1,Yes,|inhibitor|,Drugbank 5.0
Pancuronium,[H][C@@]12C[C@@H]([C@H](OC(C)=O)[C@@]1(C)CC[C@@]1([H])[C@@]2([H])CC[C@@]2([H])C[C@H](OC(C)=O)[C@H](C[C@]12C)[N+]1(C)CCCCC1)[N+]1(C)CCCCC1,Yes,|substrate|inhibitor|,Drugbank 5.0
Vecuronium,[H][C@@]12C[C@@H]([C@H](OC(C)=O)[C@@]1(C)CC[C@@]1([H])[C@@]2([H])CC[C@@]2([H])C[C@H](OC(C)=O)[C@H](C[C@]12C)N1CCCCC1)[N+]1(C)CCCCC1,Yes,|inhibitor|,Drugbank 5.0
Acepromazine,CN(C)CCCN1C2=CC=CC=C2SC2=C1C=C(C=C2)C(C)=O,Yes,|inhibitor|,Drugbank 5.0
Pipotiazine,CN(C)S(=O)(=O)C1=CC2=C(SC3=CC=CC=C3N2CCCN2CCC(CCO)CC2)C=C1,Yes,|,Drugbank 5.0
Thioproperazine,CN(C)S(=O)(=O)C1=CC2=C(SC3=CC=CC=C3N2CCCN2CCN(C)CC2)C=C1,Yes,|inhibitor|,Drugbank 5.0
Thiothixene,CN(C)S(=O)(=O)C1=CC2=C(SC3=CC=CC=C3\C2=C\CCN2CCN(C)CC2)C=C1,Yes,|,Drugbank 5.0
Acetylcholine,CC(=O)OCC[N+](C)(C)C,Yes,|substrate|,Drugbank 5.0
Spermidine,NCCCCNCCCN,Yes,|substrate|,Drugbank 5.0
Taurocholic Acid,[H][C@@]1(CC[C@@]2([H])[C@]3([H])[C@H](O)C[C@]4([H])C[C@H](O)CC[C@]4(C)[C@@]3([H])C[C@H](O)[C@]12C)[C@H](C)CCC(=O)NCCS(O)(=O)=O,Yes,|inhibitor|,Drugbank 5.0
Deoxythymidine,CC1=CN([C@H]2C[C@H](O)[C@@H](CO)O2)C(=O)NC1=O,Yes,|inhibitor|,Drugbank 5.0
Estrone sulfate,C[C@]12CC[C@H]3[C@@H](CCC4=C3C=CC(OS(O)(=O)=O)=C4)[C@@H]1CCC2=O,Yes,|inhibitor|,Drugbank 5.0
Buformin,CCCC\N=C(/N)N=C(N)N,Yes,|substrate|,Drugbank 5.0
Histamine,NCCC1=CNC=N1,Yes,|substrate|inhibitor|,Drugbank 5.0
Tetraethylammonium,CC[N+](CC)(CC)CC,Yes,|,Drugbank 5.0
Agmatine,NCCCCNC(N)=N,Yes,|substrate|,Drugbank 5.0
Bilastine,CCOCCN1C(=NC2=CC=CC=C12)C1CCN(CCC2=CC=C(C=C2)C(C)(C)C(O)=O)CC1,Yes,|inhibitor|,Drugbank 5.0
Baricitinib,CCS(=O)(=O)N1CC(CC#N)(C1)N1C=C(C=N1)C1=C2C=CNC2=NC=N1,Yes,|inhibitor|,Drugbank 5.0
Brigatinib,COC1=CC(=CC=C1NC1=NC=C(Cl)C(NC2=CC=CC=C2P(C)(C)=O)=N1)N1CCC(CC1)N1CCN(C)CC1,Yes,|inhibitor|,Drugbank 5.0
Rucaparib,CNCC1=CC=C(C=C1)C1=C2CCNC(=O)C3=C2C(N1)=CC(F)=C3,Yes,|inhibitor|,Drugbank 5.0
Nafamostat,NC(=N)NC1=CC=C(C=C1)C(=O)OC1=CC=C2C=C(C=CC2=C1)C(N)=N,Yes,|substrate|,Drugbank 5.0
1-methyl-4-phenylpyridinium,,,,
N-1-methylnicotinamide,,,,
4-(4-(dimethylamino)styryl)-N-methylpyridinium,,,,
adrenaline,,,,
noradrenaline,,,,
tetramethylammonium,,,,
cocaine,,,,
lidocaine,,,,
atropine,,,,
tetrabutylammonium,,,,
tetrapentylammonium,,,,
spermine ,,,,
monoamine ,,,,
Morphine,,,|substrate|,
irinotecan,,,|inhibitor|,
Ondansetron,,,|inhibitor|,
Lamotrigine ,,,|substrate|,PMID: 22227272 
quetiapine ,,,|inhibitor|,PMID: 22227272 
tropisetron,,,,
Probenecida,,,,
Darifenacin,,,,
Paliperidone,,,,
N-Methyl-nicotinamide,,,,
Tributylmethylammonium,,,,
N-Methyl-quinine,,,,
N-Methyl-quinidine,,,,
Prostaglandin E2,,,,
Prostaglandin F,,,,
Memantine,,,,
Diphenylhydramine,,,,
Ketamine,,,,
Phencyclidine,,,,
Etilefrine,,,,
O-Methylisoprenaline,,,,
Dizocilpine,,,,
Citalopram,,,,
Granisetron,,,,
Odansetron,,,,
Cisplatin,,,,
Mitoxantrone,,,,
"3,4Methylenedioxymetamphetamine",,,,
D-Amphetamine,,,,
Creatinine,,,,
L-Carnitine,,,,
Serotonin,,,,
Aldosterone,,,,
Corticosterone,,,,
Tetrapropylammonium,,,,
Decynium 22,,,,
Omeprazole,,,|inhibitor|,
Pantoprazole,,,|inhibitor|,
Lansoprazole,,,|inhibitor|,
Rabeprazole,,,|inhibitor|,
Tenatoprazole,,,|inhibitor|,
Spironolactone,,,|inhibitor|,
Doxazosin,,,|inhibitor|,
Bucindolol,,,|inhibitor|,
Ketoconazole,,,|inhibitor|,
Propafenone,,,|inhibitor|,
Papaverine,,,|inhibitor|,
Tramadol,,,|inhibitor|,
Trimethoprim,,,,
