Choline,C[N+](C)(C)CCO,Yes,|substrate|inhibitor|,DrugBank 5.0
Thiamine,CC1=C(CCO)SC=[N+]1CC1=CN=C(C)N=C1N,Yes,|inhibitor|,DrugBank 5.0
Nicotine,CN1CCC[C@H]1C1=CN=CC=C1,Yes,|inhibitor|,DrugBank 5.0
Reserpine,[H][C@]12C[C@@H](OC(=O)C3=CC(OC)=C(OC)C(OC)=C3)[C@H](OC)[C@@H](C(=O)OC)[C@@]1([H])C[C@@]1([H])N(CCC3=C1NC1=C3C=CC(OC)=C1)C2,Yes,|substrate|,DrugBank 5.0
Cladribine,NC1=C2N=CN([C@H]3C[C@H](O)[C@@H](CO)O3)C2=NC(Cl)=N1,Yes,|substrate|,DrugBank 5.0
Metoprolol,COCCC1=CC=C(OCC(O)CNC(C)C)C=C1,Yes,|inhibitor|,DrugBank 5.0
Disopyramide,CC(C)N(CCC(C(N)=O)(C1=CC=CC=C1)C1=NC=CC=C1)C(C)C,Yes,|inhibitor|,DrugBank 5.0
Metformin,CN(C)C(=N)NC(N)=N,Yes,|substrate|inhibitor|,DrugBank 5.0
Aminohippuric acid,NC1=CC=C(C=C1)C(=O)NCC(O)=O,Yes,|inhibitor|,DrugBank 5.0
Grepafloxacin,CC1CN(CCN1)C1=C(F)C(C)=C2C(=O)C(=CN(C3CC3)C2=C1)C(O)=O,Yes,|inhibitor|,DrugBank 5.0
Norepinephrine,NC[C@H](O)C1=CC(O)=C(O)C=C1,Yes,|substrate|inhibitor|,DrugBank 5.0
Progesterone,[H][C@@]12CC[C@H](C(C)=O)[C@@]1(C)CC[C@@]1([H])[C@@]2([H])CCC2=CC(=O)CC[C@]12C,Yes,|inhibitor|,DrugBank 5.0
Pramipexole,CCCN[C@H]1CCC2=C(C1)SC(N)=N2,Yes,|substrate|,DrugBank 5.0
Prazosin,COC1=C(OC)C=C2C(N)=NC(=NC2=C1)N1CCN(CC1)C(=O)C1=CC=CO1,Yes,|substrate|inhibitor|,DrugBank 5.0
Imipramine,CN(C)CCCN1C2=CC=CC=C2CCC2=CC=CC=C12,Yes,|inhibitor|,DrugBank 5.0
Quinine,[H][C@]1(C[C@@H]2CC[N@]1C[C@@H]2C=C)[C@H](O)C1=CC=NC2=CC=C(OC)C=C12,Yes,|inhibitor|,DrugBank 5.0
Zidovudine,CC1=CN([C@H]2C[C@H](N=[N+]=[N-])[C@@H](CO)O2)C(=O)NC1=O,Yes,|,DrugBank 5.0
Cimetidine,C\N=C(\NCCSCC1=C(C)NC=N1)NC#N,Yes,|substrate|inhibitor|,DrugBank 5.0
Cisplatin,N[Pt](N)(Cl)Cl,Yes,|substrate|inhibitor|,DrugBank 5.0
Oxaliplatin,[H][N]1([H])[C@@H]2CCCC[C@H]2[N]([H])([H])[Pt]11OC(=O)C(=O)O1,Yes,|substrate|,DrugBank 5.0
Guanidine,NC(N)=N,Yes,|inhibitor|,DrugBank 5.0
Vinblastine,[H][C@@]12N(C)C3=CC(OC)=C(C=C3[C@@]11CCN3CC=C[C@](CC)([C@@]13[H])[C@@]([H])(OC(C)=O)[C@]2(O)C(=O)OC)[C@]1(C[C@@]2([H])CN(C[C@](O)(CC)C2)CCC2=C1NC1=CC=CC=C21)C(=O)OC,Yes,|substrate|,DrugBank 5.0
Propranolol,CC(C)NCC(O)COC1=CC=CC2=CC=CC=C12,Yes,|inhibitor|,DrugBank 5.0
Amiloride,NC(N)=NC(=O)C1=C(N)N=C(N)C(Cl)=N1,Yes,|inhibitor|,DrugBank 5.0
Imatinib,CN1CCN(CC2=CC=C(C=C2)C(=O)NC2=CC(NC3=NC=CC(=N3)C3=CN=CC=C3)=C(C)C=C2)CC1,Yes,|inhibitor|,DrugBank 5.0
Epinephrine,CNC[C@H](O)C1=CC(O)=C(O)C=C1,Yes,|substrate|inhibitor|,DrugBank 5.0
Flurazepam,CCN(CC)CCN1C2=C(C=C(Cl)C=C2)C(=NCC1=O)C1=CC=CC=C1F,Yes,|inhibitor|,DrugBank 5.0
Daunorubicin,COC1=CC=CC2=C1C(=O)C1=C(O)C3=C(C[C@](O)(C[C@@H]3O[C@H]3C[C@H](N)[C@H](O)[C@H](C)O3)C(C)=O)C(O)=C1C2=O,Yes,|substrate|,DrugBank 5.0
Lamivudine,NC1=NC(=O)N(C=C1)[C@@H]1CS[C@H](CO)O1,Yes,|substrate|,DrugBank 5.0
Estradiol,[H][C@@]12CC[C@H](O)[C@@]1(C)CC[C@]1([H])C3=C(CC[C@@]21[H])C=C(O)C=C3,Yes,|inhibitor|,DrugBank 5.0
Cocaine,[H][C@]12CC[C@]([H])([C@H]([C@H](C1)OC(=O)C1=CC=CC=C1)C(=O)OC)N2C,Yes,|inhibitor|,DrugBank 5.0
Quinidine,[H][C@@]12CCN(C[C@@H]1C=C)[C@]([H])(C2)[C@@H](O)C1=C2C=C(OC)C=CC2=NC=C1,Yes,|inhibitor|,DrugBank 5.0
Phenformin,NC(=N)NC(=N)NCCC1=CC=CC=C1,Yes,|inhibitor|,DrugBank 5.0
Amantadine,NC12CC3CC(CC(C3)C1)C2,Yes,|inhibitor|,DrugBank 5.0
Dinoprostone,CCCCC[C@H](O)\C=C\[C@H]1[C@H](O)CC(=O)[C@@H]1C\C=C/CCCC(O)=O,Yes,|inhibitor|,DrugBank 5.0
Phenoxybenzamine,CC(COC1=CC=CC=C1)N(CCCl)CC1=CC=CC=C1,Yes,|inhibitor|,DrugBank 5.0
Famotidine,NC(N)=NC1=NC(CSCCC(N)=NS(N)(=O)=O)=CS1,Yes,|inhibitor|,DrugBank 5.0
Cytarabine,NC1=NC(=O)N(C=C1)[C@@H]1O[C@H](CO)[C@@H](O)[C@@H]1O,Yes,|substrate|,DrugBank 5.0
Dopamine,NCCC1=CC(O)=C(O)C=C1,Yes,|substrate|inhibitor|,DrugBank 5.0
Probenecid,CCCN(CCC)S(=O)(=O)C1=CC=C(C=C1)C(O)=O,Yes,|inhibitor|,DrugBank 5.0
Procainamide,CCN(CC)CCNC(=O)C1=CC=C(N)C=C1,Yes,|inhibitor|,DrugBank 5.0
Memantine,CC12CC3CC(C)(C1)CC(N)(C3)C2,Yes,|substrate|,DrugBank 5.0
Diphenhydramine,CN(C)CCOC(C1=CC=CC=C1)C1=CC=CC=C1,Yes,|inhibitor|,DrugBank 5.0
Quinacrine,CCN(CC)CCCC(C)NC1=C2C=C(OC)C=CC2=NC2=C1C=CC(Cl)=C2,Yes,|inhibitor|,DrugBank 5.0
Chlorphenamine,CN(C)CCC(C1=CC=C(Cl)C=C1)C1=CC=CC=N1,Yes,|inhibitor|,DrugBank 5.0
Levofloxacin,C[C@H]1COC2=C3N1C=C(C(O)=O)C(=O)C3=CC(F)=C2N1CCN(C)CC1,Yes,|inhibitor|,DrugBank 5.0
Desipramine,CNCCCN1C2=CC=CC=C2CCC2=CC=CC=C12,Yes,|inhibitor|,DrugBank 5.0
Dinoprost Tromethamine,OCC(N)(CO)CO.CCCCC[C@H](O)\C=C\[C@H]1[C@H](O)C[C@H](O)[C@@H]1C\C=C/CCCC(O)=O,Yes,|,DrugBank 5.0
Tubocurarine,[H][C@@]12CC3=CC=C(OC4=C5C(CC[N+](C)(C)[C@]5([H])CC5=CC(OC6=C(OC)C=C(CCN1C)C2=C6)=C(O)C=C5)=CC(OC)=C4O)C=C3,Yes,|,DrugBank 5.0
Pancuronium,[H][C@@]12C[C@@H]([C@H](OC(C)=O)[C@@]1(C)CC[C@@]1([H])[C@@]2([H])CC[C@@]2([H])C[C@H](OC(C)=O)[C@H](C[C@]12C)[N+]1(C)CCCCC1)[N+]1(C)CCCCC1,Yes,|,DrugBank 5.0
Oxprenolol,CC(C)NCC(O)COC1=CC=CC=C1OCC=C,Yes,|inhibitor|,DrugBank 5.0
Histamine,NCCC1=CNC=N1,Yes,|substrate|inhibitor|,DrugBank 5.0
Pimagedine,NNC(N)=N,Yes,|inhibitor|,DrugBank 5.0
Tetraethylammonium,CC[N+](CC)(CC)CC,Yes,|,DrugBank 5.0
Agmatine,NCCCCNC(N)=N,Yes,|substrate|,DrugBank 5.0
Dolutegravir,[H][C@]12CN3C=C(C(=O)NCC4=CC=C(F)C=C4F)C(=O)C(O)=C3C(=O)N1[C@H](C)CCO2,Yes,|inhibitor|,DrugBank 5.0
Baricitinib,CCS(=O)(=O)N1CC(CC#N)(C1)N1C=C(C=N1)C1=C2C=CNC2=NC=N1,Yes,|inhibitor|,DrugBank 5.0
Nafamostat,NC(=N)NC1=CC=C(C=C1)C(=O)OC1=CC=C2C=C(C=CC2=C1)C(N)=N,Yes,|substrate|,DrugBank 5.0
Enasidenib,CC(C)(O)CNC1=NC(=NC(NC2=CC(=NC=C2)C(F)(F)F)=N1)C1=NC(=CC=C1)C(F)(F)F,Yes,|inhibitor|,DrugBank 5.0
serotonin,,,,
ranitidine,,,,
creatinine,,,,
acriflavine,,,,
4-[4-(dimethylamino)-styryl]-N-methylpyridinium,,,,
N-1-methylnicotinamide,,,,
tetraethylammonium,,,,
1-methyl-4-phenylpyridinium,,,,
Veliparib ,,Yes,|substrate|,PMID: 24122511
Amitriptyline,,,,
Carvedilol,,,,
Chloroquine,,,,
Chlorpromazine,,,,
Clonidine,,,,
Desloraratidine,,,,
Doxepin,,,,
Fenfluramine,,,,
Flecainide,,,,
Ipratropiumbromide,,,,
Levomethadone,,,,
Mefloquine,,,,
Mexiletine,,,,
Propafenone,,,,
Sibutramine,,,,
Tamoxifen,,,,
Trimethoprim,,,,
Verapamil,,,,
tryptophan,,,|substrate|,PMID: 22590580 
citalopram,,,|substrate|,PMID: 22590580 
azidothymidine,,,,PMID: 20053795
ciprofloxacin,,,,PMID: 20053795
mitoxantrone,,,,PMID: 20053795
omeprazole,,,,PMID: 20053795
probenecide,,,,PMID: 20053795
pyrimethamine,,,,PMID: 20053795
tolbutamide,,,,PMID: 20053795
Amprenavir,,,,PMID: 20053795
Clotrimazole,,,,PMID: 20053795
Dipyridamole,,,,PMID: 20053795
Isoniazid,,,,PMID: 20053795
Ketoconazole,,,,PMID: 20053795
Metronidazol,,,,PMID: 20053795
Paclitaxel,,,,PMID: 20053795
Pyrimetamine,,,,PMID: 20053795
Rapamycin,,,,PMID: 20053795
Ritonavir,,,,PMID: 20053795
Tetracycline,,,,PMID: 20053795
Tipranavir,,,,PMID: 20053795
H-dopamine,,,|substrate|,PMID: 9812985
adrenaline,,,|substrate|,PMID: 9812985
5-hydroxytryptamine,,,|substrate|,PMID: 9812985
noradrenaline,,,|substrate|,PMID: 9812985
Decynium22,,,|inhibitor|,PMID: 9812985
corticosterone,,,|inhibitor|,PMID: 9812985
disprocynium24,,,|inhibitor|,PMID: 9812985
4-(4-(dimethylamino)styryl)-N-methylpyridinium ,,,,
Ipratropium,,,,
Adapalene,,,|inhibitor|,PMID: 21599003
Benztropine,,,|inhibitor|,PMID: 21599003
Benzethonium Chloride,,,|inhibitor|,PMID: 21599003
Bithionol,,,|inhibitor|,PMID: 21599003
Buflomedil,,,|inhibitor|,PMID: 21599003
Chlorthexidine,,,|inhibitor|,PMID: 21599003
Chlorphenesin carbamate,,,|inhibitor|,PMID: 21599003
Clomacran,,,|inhibitor|,PMID: 21599003
Dicyclomine,,,|inhibitor|,PMID: 21599003
Epinastine,,,|inhibitor|,PMID: 21599003
Exemestane,,,|inhibitor|,PMID: 21599003
Gabexate,,,|inhibitor|,PMID: 21599003
Gentian violet,,,|inhibitor|,PMID: 21599003
Guanabenz,,,|inhibitor|,PMID: 21599003
Homochlorocyclizine,,,|inhibitor|,PMID: 21599003
mebeverine,,,|inhibitor|,PMID: 21599003
Olanzapine,,,|inhibitor|,PMID: 21599003
Pentamidine,,,|inhibitor|,PMID: 21599003
Perflunafene,,,|inhibitor|,PMID: 21599003
Phenyltoloxamine,,,|inhibitor|,PMID: 21599003
Piperilate ethoromide,,,|inhibitor|,PMID: 21599003
Procyclidine,,,|inhibitor|,PMID: 21599003
Propantheline bromide,,,|inhibitor|,PMID: 21599003
Rabeprazole,,,|inhibitor|,PMID: 21599003
Sparteine,,,|inhibitor|,PMID: 21599003
Sulconazole,,,|inhibitor|,PMID: 21599003
Tacrine,,,|inhibitor|,PMID: 21599003
Tetrachlorosalicylanilide,,,|inhibitor|,PMID: 21599003
Tolterodine tartrate,,,|inhibitor|,PMID: 21599003
Ethylacridinium,,,,
"2,4-DIPyr",,,,
"1,3,5-TPPyr",,,,
Crystal violet,,,,
Tetrapentylammonium,,,,
NBD-TMA,,,,
Tetrabutylammonium,,,,
Tetrapropylammonium,,,,
Ephedrine,,,,
Pindolol,,,,
4-Phenylpyridine,,,,
Tyramine,,,,
1-(2-Hydroxyethyl)pyridinium,,,,
Carbachol,,,,
Tetramethylammonium,,,,
Cyclohexylamine,,,,
"3,5-Dimethyl-4-phenylpyridine- 1-oxide",,,,
