"(1,10 Phenanthroline)-(Tri-Carbon Monoxide) Rhenium (I)",[O]#C[Re+]1(C#[O])(C#[O])[N]2=CC=CC3=C2C2=C(C=CC=[N]12)C=C3
2-deoxyglucose,[H]C([H])(C=O)[C@@]([H])(O)[C@]([H])(O)[C@]([H])(O)CO
5-methyltetrahydrofolic acid,CN1C(CNC2=CC=C(C=C2)C(=O)N[C@@H](CCC(O)=O)C(O)=O)CNC2=C1C(=O)N=C(N)N2
Abiraterone,[H][C@@]12CC=C(C3=CC=CN=C3)[C@@]1(C)CC[C@@]1([H])[C@@]2([H])CC=C2C[C@@H](O)CC[C@]12C
Acamprosate,CC(=O)NCCCS(O)(=O)=O
Acemetacin,COC1=CC2=C(C=C1)N(C(=O)C1=CC=C(Cl)C=C1)C(C)=C2CC(=O)OCC(O)=O
Acepromazine,CN(C)CCCN1C2=CC=CC=C2SC2=C1C=C(C=C2)C(C)=O
Acetazolamide,CC(=O)NC1=NN=C(S1)S(N)(=O)=O
Acetic acid,CC(O)=O
Acetoacetic Acid,CC(=O)CC(O)=O
Acetylcarnitine,CC(=O)O[C@H](CC([O-])=O)C[N+](C)(C)C
Acetylcholine,CC(=O)OCC[N+](C)(C)C
Acetylcysteine,CC(=O)N[C@@H](CS)C(O)=O
Aciclovir,NC1=NC(=O)C2=C(N1)N(COCCO)C=N2
Adefovir Dipivoxil,CC(C)(C)C(=O)OCOP(=O)(COCCN1C=NC2=C(N)N=CN=C12)OCOC(=O)C(C)(C)C
Adenosine,NC1=C2N=CN([C@@H]3O[C@H](CO)[C@@H](O)[C@H]3O)C2=NC=N1
Agmatine,NCCCCNC(N)=N
Alanosine,N[C@@H](CN(O)N=O)C(O)=O
Alectinib,CCC1=CC2=C(C=C1N1CCC(CC1)N1CCOCC1)C(C)(C)C1=C(C3=C(N1)C=C(C=C3)C#N)C2=O
Allopurinol,O=C1N=CN=C2NNC=C12
Alpha-Aminoisobutyric Acid,CC(C)(N)C(O)=O
Alpha-ketoisovalerate,CC(C)C(=O)C(O)=O
Alprostadil,CCCCC[C@H](O)C=C[C@H]1[C@H](O)CC(=O)[C@@H]1CCCCCCC(O)=O
Alvocidib,CN1CC[C@@H]([C@H](O)C1)C1=C(O)C=C(O)C2=C1OC(=CC2=O)C1=CC=CC=C1Cl
Amiloride,NC(N)=NC(=O)C1=C(N)N=C(N)C(Cl)=N1
Aminolevulinic acid,NCC(=O)CCC(O)=O
Aminophenazone,CN(C)C1=C(C)N(C)N(C1=O)C1=CC=CC=C1
Aminopterin,NC1=NC2=C(N=C(CNC3=CC=C(C=C3)C(=O)N[C@@H](CCC(O)=O)C(O)=O)C=N2)C(N)=N1
Ammonia N-13,[13NH3]
Amoxicillin,[H][C@]12SC(C)(C)[C@@H](N1C(=O)[C@H]2NC(=O)[C@H](N)C1=CC=C(O)C=C1)C(O)=O
Amphetamine,CC(N)CC1=CC=CC=C1
Ampicillin,[H][C@]12SC(C)(C)[C@@H](N1C(=O)[C@H]2NC(=O)[C@H](N)C1=CC=CC=C1)C(O)=O
Antipyrine,CN1N(C(=O)C=C1C)C1=CC=CC=C1
Arachidonic Acid,CCCCC\C=C/C\C=C/C\C=C/C\C=C/CCCC(O)=O
Arbaclofen Placarbil,CC(C)[C@H](OC(=O)NC[C@H](CC(O)=O)C1=CC=C(Cl)C=C1)OC(=O)C(C)C
Aspartame,COC(=O)[C@H](CC1=CC=CC=C1)NC(=O)[C@@H](N)CC(O)=O
Avibactam,[H]OS(=O)(=O)ON1C(=O)N2C([H])([H])[C@@]1([H])C([H])([H])C([H])([H])[C@@]2([H])C(=O)N([H])[H]
Azidocillin,[H][C@]12SC(C)(C)[C@@H](N1C(=O)[C@H]2NC(=O)[C@H](N=[N+]=[N-])C1=CC=CC=C1)C(O)=O
Baclofen,NCC(CC(O)=O)C1=CC=C(Cl)C=C1
Benazepril,CCOC(=O)[C@H](CCC1=CC=CC=C1)N[C@H]1CCC2=CC=CC=C2N(CC(O)=O)C1=O
Benzoic Acid,OC(=O)C1=CC=CC=C1
Benzylpenicillin,[H][C@]12SC(C)(C)[C@@H](N1C(=O)[C@H]2NC(=O)CC1=CC=CC=C1)C(O)=O
Beta-Alanine,NCCC(O)=O
Bezafibrate,CC(C)(OC1=CC=C(CCNC(=O)C2=CC=C(Cl)C=C2)C=C1)C(O)=O
Bilastine,CCOCCN1C(=NC2=CC=CC=C12)C1CCN(CCC2=CC=C(C=C2)C(C)(C)C(O)=O)CC1
Bosentan,COC1=CC=CC=C1OC1=C(NS(=O)(=O)C2=CC=C(C=C2)C(C)(C)C)N=C(N=C1OCCO)C1=NC=CC=N1
Brigatinib,COC1=CC(=CC=C1NC1=NC=C(Cl)C(NC2=CC=CC=C2P(C)(C)=O)=N1)N1CCC(CC1)N1CCN(C)CC1
Bromodiphenhydramine,CN(C)CCOC(C1=CC=CC=C1)C1=CC=C(Br)C=C1
Buformin,CCCC\N=C(/N)N=C(N)N
Bumetanide,CCCCNC1=C(OC2=CC=CC=C2)C(=CC(=C1)C(O)=O)S(N)(=O)=O
Calcium Citrate,[Ca++].[Ca++].[Ca++].OC(CC([O-])=O)(CC([O-])=O)C([O-])=O.OC(CC([O-])=O)(CC([O-])=O)C([O-])=O
Calcium Phosphate,[Ca++].[Ca++].[Ca++].[O-]P([O-])([O-])=O.[O-]P([O-])([O-])=O
Caprylic acid,CCCCCCCC(O)=O
Carbenicillin,[H][C@]12SC(C)(C)[C@@H](N1C(=O)[C@H]2NC(=O)C(C(O)=O)C1=CC=CC=C1)C(O)=O
Carboplatin,N.N.O=C1O[Pt]OC(=O)C11CCC1
Carprofen,CC(C(O)=O)C1=CC2=C(C=C1)C1=C(N2)C=CC(Cl)=C1
Cefacetrile,[H][C@]12SCC(COC(C)=O)=C(N1C(=O)[C@H]2NC(=O)CC#N)C(O)=O
Cefaclor,[H][C@]12SCC(Cl)=C(N1C(=O)[C@H]2NC(=O)[C@H](N)C1=CC=CC=C1)C(O)=O
Cefadroxil,[H][C@]12SCC(C)=C(N1C(=O)[C@H]2NC(=O)[C@H](N)C1=CC=C(O)C=C1)C(O)=O
Cefalotin,[H][C@]12SCC(COC(C)=O)=C(N1C(=O)[C@H]2NC(=O)CC1=CC=CS1)C(O)=O
Cefamandole,[H][C@]12SCC(CSC3=NN=NN3C)=C(N1C(=O)[C@H]2NC(=O)[C@H](O)C1=CC=CC=C1)C(O)=O
Cefazolin,[H][C@]12SCC(CSC3=NN=C(C)S3)=C(N1C(=O)[C@H]2NC(=O)CN1C=NN=N1)C(O)=O
Cefdinir,[H][C@]12SCC(C=C)=C(N1C(=O)[C@H]2NC(=O)C(=N/O)\C1=CSC(N)=N1)C(O)=O
Cefepime,CO\N=C(/C(=O)N[C@@H]1C(=O)N2[C@]1([H])SCC(C[N+]1(C)CCCC1)=C2C([O-])=O)C1=CSC(N)=N1
Cefixime,[H][C@]12SCC(C=C)=C(N1C(=O)[C@H]2NC(=O)C(=N/OCC(O)=O)\C1=CSC(N)=N1)C(O)=O
Cefmetazole,[H][C@]12SCC(CSC3=NN=NN3C)=C(N1C(=O)[C@]2(NC(=O)CSCC#N)OC)C(O)=O
Cefoperazone,[H][C@]12SCC(CSC3=NN=NN3C)=C(N1C(=O)[C@H]2NC(=O)C(NC(=O)N1CCN(CC)C(=O)C1=O)C1=CC=C(O)C=C1)C(O)=O
Cefotaxime,[H][C@]12SCC(COC(C)=O)=C(N1C(=O)[C@H]2NC(=O)C(=N/OC)\C1=CSC(N)=N1)C(O)=O
Cefotiam,[H][C@]12SCC(CSC3=NN=NN3CCN(C)C)=C(N1C(=O)[C@H]2NC(=O)CC1=CSC(N)=N1)C(O)=O
Cefradine,[H][C@]12SCC(C)=C(N1C(=O)[C@H]2NC(=O)[C@H](N)C1=CCC=CC1)C(O)=O
Ceftazidime,[O-]C(=O)C1=C(CS[C@]2([H])[C@H](NC(=O)C(=N/OC(C)(C)C(O)=O)\C3=CSC(N)=N3)C(=O)N12)C[N+]1=CC=CC=C1
Ceftibuten,[H][C@]12SCC=C(N1C(=O)[C@H]2NC(=O)C(=C/CC(O)=O)\C1=CSC(N)=N1)C(O)=O
Ceftizoxime,[H][C@]12SCC=C(N1C(=O)[C@H]2NC(=O)C(=N/OC)\C1=CSC(N)=N1)C(O)=O
Ceftriaxone,[H][C@]12SCC(CSC3=NC(=O)C(=O)NN3C)=C(N1C(=O)[C@H]2NC(=O)C(=N/OC)\C1=CSC(N)=N1)C(O)=O
Cefuroxime,[H][C@]12SCC(COC(N)=O)=C(N1C(=O)[C@H]2NC(=O)C(=N/OC)\C1=CC=CO1)C(O)=O
Celecoxib,CC1=CC=C(C=C1)C1=CC(=NN1C1=CC=C(C=C1)S(N)(=O)=O)C(F)(F)F
Cephalexin,[H][C@]12SCC(C)=C(N1C(=O)[C@H]2NC(=O)[C@H](N)C1=CC=CC=C1)C(O)=O
Cephaloglycin,[H][C@]12SCC(COC(C)=O)=C(N1C(=O)[C@H]2NC(=O)[C@H](N)C1=CC=CC=C1)C(O)=O
Chlorambucil,OC(=O)CCCC1=CC=C(C=C1)N(CCCl)CCCl
Chloramphenicol,OC[C@@H](NC(=O)C(Cl)Cl)[C@H](O)C1=CC=C(C=C1)[N+]([O-])=O
Chlorothiazide,NS(=O)(=O)C1=C(Cl)C=C2NC=NS(=O)(=O)C2=C1
Chlorphenamine,CN(C)CCC(C1=CC=C(Cl)C=C1)C1=CC=CC=N1
Cholecystokinin,
Choline,C[N+](C)(C)CCO
Cidofovir,NC1=NC(=O)N(C[C@@H](CO)OCP(O)(O)=O)C=C1
Cilastatin,N[C@@H](CSCCCC\C=C(/NC(=O)[C@H]1CC1(C)C)C(=O)O)C(=O)O
Cinoxacin,CCN1N=C(C(O)=O)C(=O)C2=CC3=C(OCO3)C=C12
Citric Acid,OC(=O)CC(O)(CC(O)=O)C(O)=O
Cladribine,NC1=C2N=CN([C@H]3C[C@H](O)[C@@H](CO)O3)C2=NC(Cl)=N1
Clofarabine,[H][C@]1(F)[C@H](O)[C@@H](CO)O[C@H]1N1C=NC2=C(N)N=C(Cl)N=C12
Cloxacillin,[H][C@]12SC(C)(C)[C@@H](N1C(=O)[C@H]2NC(=O)C1=C(C)ON=C1C1=CC=CC=C1Cl)C(O)=O
Cobimetinib,OC1(CN(C1)C(=O)C1=C(NC2=C(F)C=C(I)C=C2)C(F)=C(F)C=C1)[C@@H]1CCCCN1
Cocaine,[H][C@]12CC[C@]([H])([C@H]([C@H](C1)OC(=O)C1=CC=CC=C1)C(=O)OC)N2C
Codeine,[H][C@@]12OC3=C(OC)C=CC4=C3[C@@]11CCN(C)[C@]([H])(C4)[C@]1([H])C=C[C@@H]2O
Copper,[Cu]
Creatine,CN(CC(O)=O)C(N)=N
Cyanocobalamin,[C@H]1([C@@H]2[C@H]([C@@H](N3C4=CC(=C(C)C=C4[N+]([Co-3]456(N7C8=C(C9=[N+]4C(C([C@@H]9CCC(N)=O)(C)C)=CC4=[N+]5C(=C(C5=[N+]6[C@@]([C@]7([C@@H]([C@@]8(C)CCC(=O)NC[C@@]([H])(C)OP([O-])(=O)O2)CC(N)=O)[H])([C@@]([C@@H]5CCC(N)=O)(C)CC(N)=O)C)C)[C@@]([C@@H]4CCC(N)=O)(C)CC(N)=O)C)C#N)=C3)C)O1)O)CO
Cyclacillin,[H][C@]12SC(C)(C)[C@@H](N1C(=O)[C@H]2NC(=O)C1(N)CCCCC1)C(O)=O
Cyclic Adenosine Monophosphate,NC1=NC=NC2=C1N=CN2[C@@H]1O[C@@H]2COP(O)(=O)O[C@H]2[C@H]1O
Cyclic Guanosine Monophosphate,NC1=NC2=C(N=CN2[C@@H]2O[C@@H]3COP(O)(=O)O[C@H]3[C@H]2O)C(=O)N1
Cycloserine,N[C@@H]1CONC1=O
Cyclothiazide,NS(=O)(=O)C1=C(Cl)C=C2NC(NS(=O)(=O)C2=C1)C1CC2CC1C=C2
Cystine,N[C@@H](CSSC[C@H](N)C(O)=O)C(O)=O
Cytarabine,NC1=NC(=O)N(C=C1)[C@@H]1O[C@H](CO)[C@@H](O)[C@@H]1O
D-Alanine,C[C@@H](N)C(O)=O
D-Lactic acid,C[C@@H](O)C(O)=O
D-Leucine,CC(C)C[C@@H](N)C(O)=O
D-Phenylalanine,N[C@H](CC1=CC=CC=C1)C(O)=O
D-Proline,OC(=O)[C@H]1CCCN1
D-Serine,N[C@H](CO)C(O)=O
D-Tryptophan,N[C@H](CC1=CNC2=CC=CC=C12)C(O)=O
D-Tyrosine,N[C@H](CC1=CC=C(O)C=C1)C(O)=O
DPDPE,CC1(C)SSC(C)(C)[C@@H](NC(=O)[C@@H](N)CC2=CC=C(O)C=C2)C(=O)NCC(=O)N[C@@H](CC2=CC=CC=C2)C(=O)N[C@H]1C(O)=O
Daidzin,[H][C@]1(CO)O[C@@]([H])(OC2=CC=C3C(=O)C(=COC3=C2)C2=CC=C(O)C=C2)[C@]([H])(O)[C@@]([H])(O)[C@]1([H])O
Dasabuvir,COC1=C(C=C(C=C1C1=CC2=CC=C(NS(C)(=O)=O)C=C2C=C1)N1C=CC(=O)NC1=O)C(C)(C)C
Degraded Cephaloridine,[H][C@@](NC(=O)CC1=CC=CS1)(C=O)[C@]1([H])NC(C(O)=O)=C(C)CS1
Dehydroascorbic Acid,[H][C@](O)(CO)[C@@]1([H])OC(=O)C(=O)C1=O
Delafloxacin,NC1=NC(N2C=C(C(O)=O)C(=O)C3=CC(F)=C(N4CC(O)C4)C(Cl)=C23)=C(F)C=C1F
Deoxycholic Acid,[H][C@@]12CC[C@H]([C@H](C)CCC(O)=O)[C@@]1(C)[C@@H](O)C[C@@]1([H])[C@@]2([H])CC[C@]2([H])C[C@H](O)CC[C@]12C
Deoxythymidine,CC1=CN([C@H]2C[C@H](O)[C@@H](CO)O2)C(=O)NC1=O
Deutetrabenazine,[2H]C([2H])([2H])OC1=CC2=C(C=C1OC([2H])([2H])[2H])[C@@H]1CC(=O)[C@@H](CC(C)C)CN1CC2
Dextrothyroxine,N[C@H](CC1=CC(I)=C(OC2=CC(I)=C(O)C(I)=C2)C(I)=C1)C(O)=O
Dicloxacillin,[H][C@]12SC(C)(C)[C@@H](N1C(=O)[C@H]2NC(=O)C1=C(C)ON=C1C1=C(Cl)C=CC=C1Cl)C(O)=O
Didanosine,OC[C@@H]1CC[C@@H](O1)N1C=NC2=C1NC=NC2=O
Diflunisal,OC(=O)C1=C(O)C=CC(=C1)C1=C(F)C=C(F)C=C1
Dinoprost Tromethamine,OCC(N)(CO)CO.CCCCC[C@H](O)\C=C\[C@H]1[C@H](O)C[C@H](O)[C@@H]1C\C=C/CCCC(O)=O
Dinoprostone,CCCCC[C@H](O)\C=C\[C@H]1[C@H](O)CC(=O)[C@@H]1C\C=C/CCCC(O)=O
Diphenhydramine,CN(C)CCOC(C1=CC=CC=C1)C1=CC=CC=C1
Disopyramide,CC(C)N(CCC(C(N)=O)(C1=CC=CC=C1)C1=NC=CC=C1)C(C)C
Dolutegravir,[H][C@]12CN3C=C(C(=O)NCC4=CC=C(F)C=C4F)C(=O)C(O)=C3C(=O)N1[C@H](C)CCO2
Dopamine,NCCC1=CC(O)=C(O)C=C1
Doxycycline,[H][C@@]12[C@@H](C)C3=C(C(O)=CC=C3)C(=O)C1=C(O)[C@]1(O)C(=O)C(C(N)=O)=C(O)[C@@H](N(C)C)[C@]1([H])[C@H]2O
Droxidopa,N[C@@H]([C@H](O)C1=CC(O)=C(O)C=C1)C(O)=O
Elacridar,COC1=CC=CC2=C1NC1=C(C=CC=C1C(=O)NC1=CC=C(CCN3CCC4=CC(OC)=C(OC)C=C4C3)C=C1)C2=O
Ellagic Acid,OC1=C(O)C2=C3C(=C1)C(=O)OC1=C3C(=CC(O)=C1O)C(=O)O2
Eltrombopag,CC1=NN(C(=O)\C1=N/NC1=C(O)C(=CC=C1)C1=CC=CC(=C1)C(O)=O)C1=CC=C(C)C(C)=C1
Eluxadoline,COC1=CC=C(CN([C@@H](C)C2=NC(=CN2)C2=CC=CC=C2)C(=O)[C@@H](N)CC2=C(C)C=C(C=C2C)C(N)=O)C=C1C(O)=O
Epinephrine,CNC[C@H](O)C1=CC(O)=C(O)C=C1
Epirubicin,COC1=CC=CC2=C1C(=O)C1=C(O)C3=C(C[C@](O)(C[C@@H]3O[C@H]3C[C@H](N)[C@@H](O)[C@H](C)O3)C(=O)CO)C(O)=C1C2=O
Eprosartan,CCCCC1=NC=C(\C=C(/CC2=CC=CS2)C(O)=O)N1CC1=CC=C(C=C1)C(O)=O
Estrone sulfate,C[C@]12CC[C@H]3[C@@H](CCC4=C3C=CC(OS(O)(=O)=O)=C4)[C@@H]1CCC2=O
Etacrynic acid,CCC(=C)C(=O)C1=C(Cl)C(Cl)=C(OCC(O)=O)C=C1
Ethoxzolamide,CCOC1=CC2=C(C=C1)N=C(S2)S(N)(=O)=O
Etodolac,CCC1=C2NC3=C(CCOC3(CC)CC(O)=O)C2=CC=C1
Etoperidone,CCN1C(=O)N(CCCN2CCN(CC2)C2=CC=CC(Cl)=C2)N=C1CC
Famotidine,NC(N)=NC1=NC(CSCCC(N)=NS(N)(=O)=O)=CS1
Fludarabine,NC1=NC(F)=NC2=C1N=CN2[C@@H]1O[C@H](CO)[C@@H](O)[C@@H]1O
Fludeoxyglucose F-18,[H]C(=O)[C@H]([18F])[C@@H](O)[C@H](O)[C@H](O)CO
Flufenamic Acid,OC(=O)C1=CC=CC=C1NC1=CC(=CC=C1)C(F)(F)F
Fluorescein,OC1=CC2=C(C=C1)C1(OC(=O)C3=CC=CC=C13)C1=C(O2)C=C(O)C=C1
Fluorouracil,FC1=CNC(=O)NC1=O
Flurbiprofen,CC(C(O)=O)C1=CC(F)=C(C=C1)C1=CC=CC=C1
Fluvastatin,CC(C)N1C(\C=C\[C@H](O)C[C@H](O)CC(O)=O)=C(C2=CC=C(F)C=C2)C2=CC=CC=C12
Folic Acid,NC1=NC(=O)C2=NC(CNC3=CC=C(C=C3)C(=O)N[C@@H](CCC(O)=O)C(O)=O)=CN=C2N1
Formic Acid,OC=O
Foscarnet,OC(=O)P(O)(O)=O
Fosinopril,CCC(=O)OC(OP(=O)(CCCCC1=CC=CC=C1)CC(=O)N1C[C@@H](C[C@H]1C(O)=O)C1CCCCC1)C(C)C
Furosemide,NS(=O)(=O)C1=C(Cl)C=C(NCC2=CC=CO2)C(=C1)C(O)=O
Fusidic Acid,O[C@@H]1CC[C@@]2(C)[C@@]([H])(CC[C@@]3(C)[C@@]2([H])[C@H](O)C[C@@]2([H])\C([C@@H](OC(=O)C)C[C@]32C)=C(/CCC=C(C)C)C(O)=O)[C@@H]1C
Gabapentin Enacarbil,CC(C)C(=O)OC(C)OC(=O)NCC1(CC(O)=O)CCCCC1
Gaboxadol,O=C1NOC2=C1CCNC2
Gadoxetic acid,[Gd+3].[H][C@@](CN(CCN(CC([O-])=O)CC([O-])=O)CC([O-])=O)(CC1=CC=C(OCC)C=C1)N(CC(O)=O)CC(O)=O
Gallium citrate Ga 67,[67Ga+3].OC(CC([O-])=O)(CC([O-])=O)C([O-])=O
Gallium nitrate,[Ga+3].[O-][N+]([O-])=O.[O-][N+]([O-])=O.[O-][N+]([O-])=O
Gamma Hydroxybutyric Acid,OCCCC([O-])=O
Ganciclovir,NC1=NC2=C(N=CN2COC(CO)CO)C(=O)N1
Gemfibrozil,CC1=CC(OCCCC(C)(C)C(O)=O)=C(C)C=C1
Gentamicin,CNC(C)C1CCC(N)C(OC2C(N)CC(N)C(OC3OCC(C)(O)C(NC)C3O)C2O)O1
Gentian Violet,CN(C)C1=CC=C(C=C1)C(C1=CC=C(C=C1)N(C)C)=C1C=CC(C=C1)=[N+](C)C
Glucose,
Glucose-6-Phosphate,O[C@H](COP(O)(O)=O)[C@H](O)[C@H](O)[C@@H](O)C=O
Glutamic Acid,N[C@@H](CCC(O)=O)C(O)=O
Glutaric Acid,OC(=O)CCCC(O)=O
Glutathione,N[C@@H](CCC(=O)N[C@@H](CS)C(=O)NCC(O)=O)C(O)=O
Glyceraldehyde-3-Phosphate,O[C@H](COP(O)(O)=O)C=O
Glycine,NCC(O)=O
Glycochenodeoxycholic Acid,C[C@H](CCC(=O)NCC(O)=O)[C@H]1CC[C@H]2[C@@H]3[C@H](O)C[C@@H]4C[C@H](O)CC[C@]4(C)[C@H]3CC[C@]12C
Glycocholic acid,[H][C@@]1(CC[C@@]2([H])[C@]3([H])[C@H](O)C[C@]4([H])C[C@H](O)CC[C@]4(C)[C@@]3([H])C[C@H](O)[C@]12C)[C@H](C)CCC(=O)NCC([O-])=O
Glyoxylic acid,OC(=O)C=O
Guanidine,NC(N)=N
Hesperetin,COC1=C(O)C=C(C=C1)[C@@H]1CC(=O)C2=C(O)C=C(O)C=C2O1
Histamine,NCCC1=CNC=N1
Histidine,N[C@@H](CC1=CN=CN1)C(O)=O
Hydrochlorothiazide,NS(=O)(=O)C1=C(Cl)C=C2NCNS(=O)(=O)C2=C1
Hydroxyproline,O[C@H]1CN[C@@H](C1)C(O)=O
Hyperforin,CC(C)C(=O)[C@@]12C(O)=C(CC=C(C)C)C(=O)[C@@](CC=C(C)C)(C[C@H](CC=C(C)C)[C@@]1(C)CCC=C(C)C)C2=O
Idarubicin,C[C@@H]1O[C@H](C[C@H](N)[C@@H]1O)O[C@H]1C[C@@](O)(CC2=C1C(O)=C1C(=O)C3=CC=CC=C3C(=O)C1=C2O)C(C)=O
Iloprost,[H][C@]12C[C@@H](O)[C@H](\C=C\[C@@H](O)C(C)CC#CC)[C@@]1([H])C\C(C2)=C\CCCC(O)=O
Indocyanine green,[Na+].CC1(C)C(=CC=CC=CC=CC2=[N+](CCCCS([O-])(=O)=O)C3=C(C4=CC=CC=C4C=C3)C2(C)C)N(CCCCS([O-])(=O)=O)C2=C1C1=CC=CC=C1C=C2
Inosine,OC[C@H]1O[C@H]([C@H](O)[C@@H]1O)N1C=NC2=C1NC=NC2=O
Inositol nicotinate,O=C(O[C@H]1[C@H](OC(=O)C2=CC=CN=C2)[C@@H](OC(=O)C2=CC=CN=C2)[C@H](OC(=O)C2=CC=CN=C2)[C@H](OC(=O)C2=CC=CN=C2)[C@@H]1OC(=O)C1=CC=CN=C1)C1=CC=CN=C1
Iobenguane,NC(N)=NCC1=CC(I)=CC=C1
Iobenguane sulfate I-123,OS(O)(=O)=O.NC(=N)NCC1=CC([123I])=CC=C1.NC(=N)NCC1=CC([123I])=CC=C1
Ioflupane I-123,[H][C@]12CC[C@]([H])([C@H]([C@H](C1)C1=CC=C([123I])C=C1)C(=O)OC)N2CCCF
Ipratropium bromide,[Br-].[H][C@]12CC[C@]([H])(C[C@@H](C1)OC(=O)C(CO)C1=CC=CC=C1)[N@+]2(C)C(C)C
Ketoprofen,CC(C(O)=O)C1=CC(=CC=C1)C(=O)C1=CC=CC=C1
L-Alanine,C[C@H](N)C(O)=O
L-Arginine,N[C@@H](CCCNC(N)=N)C(O)=O
L-Asparagine,N[C@@H](CC(N)=O)C(O)=O
L-Aspartic Acid,N[C@@H](CC(O)=O)C(O)=O
L-Carnitine,C[N+](C)(C)C[C@H](O)CC([O-])=O
L-Cysteine,N[C@@H](CS)C(O)=O
L-Glutamine,N[C@@H](CCC(N)=O)C(O)=O
L-Isoleucine,CC[C@H](C)[C@H](N)C(O)=O
L-Leucine,CC(C)C[C@H](N)C(O)=O
L-Lysine,NCCCC[C@H](N)C(O)=O
L-Methionine,CSCC[C@H](N)C(O)=O
L-Phenylalanine,N[C@@H](CC1=CC=CC=C1)C(O)=O
L-Proline,OC(=O)[C@@H]1CCCN1
L-Threonine,C[C@@H](O)[C@H](N)C(O)=O
L-Tryptophan,N[C@@H](CC1=CNC2=CC=CC=C12)C(O)=O
L-Tyrosine,N[C@@H](CC1=CC=C(O)C=C1)C(O)=O
L-Valine,CC(C)[C@H](N)C(O)=O
Lactic Acid,CC(O)C(O)=O
Latanoprost,CC(C)OC(=O)CCC\C=C/C[C@H]1[C@@H](O)C[C@@H](O)[C@@H]1CC[C@@H](O)CCC1=CC=CC=C1
Leflunomide,CC1=C(C=NO1)C(=O)NC1=CC=C(C=C1)C(F)(F)F
Levodopa,N[C@@H](CC1=CC(O)=C(O)C=C1)C(O)=O
Levomefolic acid,CN1[C@@H](CNC2=CC=C(C=C2)C(=O)N[C@@H](CCC(O)=O)C(O)=O)CNC2=C1C(=O)N=C(N)N2
Levomenol,[H][C@@]1(CCC(C)=CC1)[C@@](C)(O)CCC=C(C)C
Levosalbutamol,CC(C)(C)NC[C@H](O)C1=CC(CO)=C(O)C=C1
Lifitegrast,CS(=O)(=O)C1=CC(C[C@H](NC(=O)C2=C(Cl)C3=C(CN(CC3)C(=O)C3=CC=C4C=COC4=C3)C=C2Cl)C(O)=O)=CC=C1
Lomefloxacin,CCN1C=C(C(O)=O)C(=O)C2=CC(F)=C(N3CCNC(C)C3)C(F)=C12
Loracarbef,N[C@@H](C(=O)N[C@H]1[C@H]2CCC(Cl)=C(N2C1=O)C(O)=O)C1=CC=CC=C1
Magnesium carbonate,[Mg++].[O-]C([O-])=O
Mangafodipir,[Mn++].CC1=C(O)C(CN(CCN(CC([O-])=O)CC2=CC(COP(O)(O)=O)=NC(C)=C2O)CC([O-])=O)=CC(COP(O)(O)=O)=N1
Meclocycline,CN(C)[C@H]1[C@@H]2[C@@H](O)[C@@H]3C(=C)C4=C(Cl)C=CC(O)=C4C(=O)C3=C(O)[C@]2(O)C(=O)C(C(N)=O)=C1O
Meclofenamic acid,CC1=C(Cl)C(NC2=CC=CC=C2C(O)=O)=C(Cl)C=C1
Melatonin,COC1=CC2=C(NC=C2CCNC(C)=O)C=C1
Meloxicam,CN1C(C(=O)NC2=NC=C(C)S2)=C(O)C2=C(C=CC=C2)S1(=O)=O
Melphalan,N[C@@H](CC1=CC=C(C=C1)N(CCCl)CCCl)C(O)=O
Memantine,CC12CC3CC(C)(C1)CC(N)(C3)C2
Mepyramine,COC1=CC=C(CN(CCN(C)C)C2=NC=CC=C2)C=C1
Mercaptopurine,S=C1N=CNC2=C1NC=N2
Metformin,CN(C)C(=N)NC(N)=N
Methamphetamine,CN[C@@H](C)CC1=CC=CC=C1
Methazolamide,CN1N=C(SC1=NC(C)=O)S(N)(=O)=O
Methyldopa,C[C@](N)(CC1=CC=C(O)C(O)=C1)C(O)=O
Methyltestosterone,[H][C@@]12CC[C@](C)(O)[C@@]1(C)CC[C@@]1([H])[C@@]2([H])CCC2=CC(=O)CC[C@]12C
Metyrapone,CC(C)(C(=O)C1=CN=CC=C1)C1=CN=CC=C1
Midodrine,COC1=CC(C(O)CNC(=O)CN)=C(OC)C=C1
Midomafetamine,CNC(C)CC1=CC2=C(OCO2)C=C1
Minocycline,[H][C@@]12CC3=C(C(O)=CC=C3N(C)C)C(=O)C1=C(O)[C@]1(O)C(=O)C(C(N)=O)=C(O)[C@@H](N(C)C)[C@]1([H])C2
Moexipril,CCOC(=O)[C@H](CCC1=CC=CC=C1)N[C@@H](C)C(=O)N1CC2=CC(OC)=C(OC)C=C2C[C@H]1C(O)=O
Montelukast,OC(=O)CC1(CC1)CS[C@H](CCC1=CC=CC=C1C(O)(C)C)C1=CC=CC(\C=C\C2=NC3=C(C=CC(Cl)=C3)C=C2)=C1
Myricetin,OC1=CC(O)=C2C(OC(=C(O)C2=O)C2=CC(O)=C(O)C(O)=C2)=C1
Nafamostat,NC(=N)NC1=CC=C(C=C1)C(=O)OC1=CC=C2C=C(C=CC2=C1)C(N)=N
Nafcillin,[H][C@]12SC(C)(C)[C@@H](N1C(=O)[C@H]2NC(=O)C1=C(OCC)C=CC2=CC=CC=C12)C(O)=O
Naldemedine,[H][C@@]12OC3=C4C(C[C@@]5([H])N(CC6CC6)CC[C@@]14[C@@]5(O)CC(C(=O)NC(C)(C)C1=NC(=NO1)C1=CC=CC=C1)=C2O)=CC=C3O
Nalidixic Acid,CCN1C=C(C(O)=O)C(=O)C2=C1N=C(C)C=C2
Naproxen,COC1=CC2=C(C=C1)C=C(C=C2)[C@H](C)C(O)=O
Nateglinide,[H][C@](CC1=CC=CC=C1)(N=C(O)[C@@]1([H])CC[C@@]([H])(CC1)C(C)C)C(O)=O
Neratinib,CCOC1=C(NC(=O)\C=C\CN(C)C)C=C2C(NC3=CC=C(OCC4=CC=CC=N4)C(Cl)=C3)=C(C=NC2=C1)C#N
Niacin,OC(=O)C1=CN=CC=C1
Nicotine,CN1CCC[C@H]1C1=CN=CC=C1
Niflumic Acid,OC(=O)C1=C(NC2=CC=CC(=C2)C(F)(F)F)N=CC=C1
Nitrofurantoin,[O-][N+](=O)C1=CC=C(O1)\C=N\N1CC(=O)NC1=O
Norepinephrine,NC[C@H](O)C1=CC(O)=C(O)C=C1
Norfloxacin,CCN1C=C(C(O)=O)C(=O)C2=CC(F)=C(C=C12)N1CCNCC1
Norgestimate,[H][C@@]12CC[C@@](OC(C)=O)(C#C)[C@@]1(CC)CC[C@]1([H])[C@@]3([H])CC\C(C=C3CC[C@@]21[H])=N/O
Novobiocin,CO[C@@H]1[C@@H](OC(N)=O)[C@@H](O)[C@H](OC2=C(C)C3=C(C=C2)C(O)=C(NC(=O)C2=CC=C(O)C(CC=C(C)C)=C2)C(=O)O3)OC1(C)C
Ofloxacin,CC1COC2=C3N1C=C(C(O)=O)C(=O)C3=CC(F)=C2N1CCN(C)CC1
Olmesartan,CCCC1=NC(=C(N1CC1=CC=C(C=C1)C1=C(C=CC=C1)C1=NN=NN1)C(O)=O)C(C)(C)O
Oseltamivir,CCOC(=O)C1=C[C@@H](OC(CC)CC)[C@H](NC(C)=O)[C@@H](N)C1
Ouabain,[H][C@@]12CC[C@]3(O)C[C@H](C[C@@H](O)[C@]3(CO)[C@@]1([H])[C@H](O)C[C@]1(C)[C@H](CC[C@]21O)C1=CC(=O)OC1)O[C@@H]1O[C@@H](C)[C@H](O)[C@@H](O)[C@H]1O
Oxacillin,[H][C@]12SC(C)(C)[C@@H](N1C(=O)[C@H]2NC(=O)C1=C(C)ON=C1C1=CC=CC=C1)C(O)=O
Oxalic Acid,OC(=O)C(O)=O
Oxaliplatin,[H][N]1([H])[C@@H]2CCCC[C@H]2[N]([H])([H])[Pt]11OC(=O)C(=O)O1
Oxamic Acid,NC(=O)C(O)=O
Oxprenolol,CC(C)NCC(O)COC1=CC=CC=C1OCC=C
Oxtriphylline,C[N+](C)(C)CCO.CN1C2=C([N-]C=N2)C(=O)N(C)C1=O
Oxyphenbutazone,CCCCC1C(=O)N(N(C1=O)C1=CC=C(O)C=C1)C1=CC=CC=C1
Oxytetracycline,[H][C@@]12[C@@H](O)[C@@]3([H])C(C(=O)C4=C(O)C=CC=C4[C@@]3(C)O)=C(O)[C@]1(O)C(=O)C(C(N)=O)=C(O)[C@H]2N(C)C
Pancuronium,[H][C@@]12C[C@@H]([C@H](OC(C)=O)[C@@]1(C)CC[C@@]1([H])[C@@]2([H])CC[C@@]2([H])C[C@H](OC(C)=O)[C@H](C[C@]12C)[N+]1(C)CCCCC1)[N+]1(C)CCCCC1
Parachlorophenol,OC1=CC=C(Cl)C=C1
Penicillamine,[H][C@](N)(C(O)=O)C(C)(C)S
Phenacetin,CCOC1=CC=C(NC(C)=O)C=C1
Phenformin,NC(=N)NC(=N)NCCC1=CC=CC=C1
Phenoxybenzamine,CC(COC1=CC=CC=C1)N(CCCl)CC1=CC=CC=C1
Phenylbutazone,CCCCC1C(=O)N(N(C1=O)C1=CC=CC=C1)C1=CC=CC=C1
Phenylpyruvic acid,OC(=O)C(=O)CC1=CC=CC=C1
Phosphoenolpyruvate,OC(=O)C(=C)OP(O)(O)=O
Phthalic Acid,OC(=O)C1=CC=CC=C1C(O)=O
Pimagedine,NNC(N)=N
Pioglitazone,CCC1=CN=C(CCOC2=CC=C(CC3SC(=O)NC3=O)C=C2)C=C1
Piperacillin,[H][C@]12SC(C)(C)[C@@H](N1C(=O)[C@H]2NC(=O)[C@H](NC(=O)N1CCN(CC)C(=O)C1=O)C1=CC=CC=C1)C(O)=O
Pipotiazine,CN(C)S(=O)(=O)C1=CC2=C(SC3=CC=CC=C3N2CCCN2CCC(CCO)CC2)C=C1
Piroxicam,CN1C(C(=O)NC2=NC=CC=C2)=C(O)C2=C(C=CC=C2)S1(=O)=O
Potassium Chloride,[Cl-].[K+]
Pralatrexate,NC1=NC2=NC=C(CC(CC#C)C3=CC=C(C=C3)C(=O)N[C@@H](CCC(O)=O)C(O)=O)N=C2C(N)=N1
Pramipexole,CCCN[C@H]1CCC2=C(C1)SC(N)=N2
Pranlukast,O=C(NC1=C2OC(=CC(=O)C2=CC=C1)C1=NNN=N1)C1=CC=C(OCCCCC2=CC=CC=C2)C=C1
Prasterone sulfate,[H][C@@]12CCC(=O)[C@@]1(C)CC[C@@]1([H])[C@@]2([H])CC=C2C[C@H](CC[C@]12C)OS(O)(=O)=O
Pregabalin,CC(C)C[C@H](CN)CC(O)=O
Pregnenolone,[H][C@@]1(CC[C@@]2([H])[C@]3([H])CC=C4C[C@@]([H])(O)CC[C@]4(C)[C@@]3([H])CC[C@]12C)C(C)=O
Procainamide,CCN(CC)CCNC(=O)C1=CC=C(N)C=C1
Prostaglandin D2,[H][C@](O)(CCCCC)\C=C\[C@@]1([H])C(=O)C[C@]([H])(O)[C@]1([H])C\C=C/CCCC(O)=O
Putrescine,NCCCCN
Pyruvic acid,CC(=O)C(O)=O
Quinapril,CCOC(=O)[C@H](CCC1=CC=CC=C1)N[C@@H](C)C(=O)N1CC2=CC=CC=C2C[C@H]1C(O)=O
Rabeprazole,COCCCOC1=C(C)C(CS(=O)C2=NC3=CC=CC=C3N2)=NC=C1
Ramipril,[H][C@@]12CCC[C@]1([H])N([C@@H](C2)C(O)=O)C(=O)[C@H](C)N[C@@H](CCC1=CC=CC=C1)C(=O)OCC
Repaglinide,CCOC1=C(C=CC(CC(=O)N[C@@H](CC(C)C)C2=CC=CC=C2N2CCCCC2)=C1)C(O)=O
Rhodamine 6G,[Cl-].CCNC1=CC2=[O+]C3=C(C=C(C)C(NCC)=C3)C(C3=CC=CC=C3C(=O)OCC)=C2C=C1C
Ribavirin,NC(=O)C1=NN(C=N1)[C@@H]1O[C@H](CO)[C@@H](O)[C@H]1O
Riboflavin,CC1=C(C)C=C2N(C[C@H](O)[C@H](O)[C@H](O)CO)C3=NC(=O)NC(=O)C3=NC2=C1
Riluzole,NC1=NC2=C(S1)C=C(OC(F)(F)F)C=C2
Riociguat,COC(=O)N(C)C1=C(N)N=C(N=C1N)C1=NN(CC2=C(F)C=CC=C2)C2=C1C=CC=N2
Rocuronium,[H][C@@]12C[C@@H]([C@H](OC(C)=O)[C@@]1(C)CC[C@@]1([H])[C@@]2([H])CC[C@@]2([H])C[C@H](O)[C@H](C[C@]12C)N1CCOCC1)[N+]1(CC=C)CCCC1
Rofecoxib,CS(=O)(=O)C1=CC=C(C=C1)C1=C(C(=O)OC1)C1=CC=CC=C1
Rosiglitazone,CN(CCOC1=CC=C(CC2SC(=O)NC2=O)C=C1)C1=CC=CC=N1
Rosuvastatin,CC(C)C1=NC(=NC(C2=CC=C(F)C=C2)=C1\C=C\[C@@H](O)C[C@@H](O)CC(=O)O)N(C)S(C)(=O)=O
S-(Methylmercury)-L-Cysteine,C[Hg]SC[C@@H](N)C(O)=O
Sacubitril,[H][C@@](CC1=CC=C(C=C1)C1=CC=CC=C1)(C[C@@]([H])(C)C(=O)OCC)NC(=O)CCC(O)=O
Safinamide,C[C@H](NCC1=CC=C(OCC2=CC(F)=CC=C2)C=C1)C(N)=O
Saxagliptin,N[C@H](C(=O)N1[C@H]2C[C@H]2C[C@H]1C#N)C12CC3CC(CC(O)(C3)C1)C2
Semaglutide,CC[C@H](C)[C@H](NC(=O)[C@H](CC1=CC=CC=C1)NC(=O)[C@H](CCC(O)=O)NC(=O)[C@H](CCCCNC(=O)COCCOCCNC(=O)COCCOCCNC(=O)CC[C@@H](NC(=O)CCCCCCCCCCCCCCCCC(O)=O)C(O)=O)NC(=O)[C@H](C)NC(=O)[C@H](C)NC(=O)[C@H](CCC(N)=O)NC(=O)CNC(=O)[C@H](CCC(O)=O)NC(=O)[C@H](CC(C)C)NC(=O)[C@H](CC1=CC=C(O)C=C1)NC(=O)[C@H](CO)NC(=O)[C@H](CO)NC(=O)[C@@H](NC(=O)[C@H](CC(O)=O)NC(=O)[C@H](CO)NC(=O)[C@@H](NC(=O)[C@H](CC1=CC=CC=C1)NC(=O)[C@@H](NC(=O)CNC(=O)[C@H](CCC(O)=O)NC(=O)C(C)(C)NC(=O)[C@@H](N)CC1=CNC=N1)[C@@H](C)O)[C@@H](C)O)C(C)C)C(=O)N[C@@H](C)C(=O)N[C@@H](CC1=CNC2=C1C=CC=C2)C(=O)N[C@@H](CC(C)C)C(=O)N[C@@H](C(C)C)C(=O)N[C@@H](CCCNC(N)=N)C(=O)NCC(=O)N[C@@H](CCCNC(N)=N)C(=O)NCC(O)=O
Serine,N[C@@H](CO)C(O)=O
Sildenafil,CCCC1=NN(C)C2=C1NC(=NC2=O)C1=C(OCC)C=CC(=C1)S(=O)(=O)N1CCN(C)CC1
Sodium Citrate,[Na+].[Na+].[Na+].OC(CC([O-])=O)(CC([O-])=O)C([O-])=O
Sodium bicarbonate,[Na+].OC([O-])=O
Sodium phosphate,[Na+].OP(O)([O-])=O
Spaglumic Acid,CC(=O)N[C@@H](CC(=O)N[C@@H](CCC(O)=O)C(O)=O)C(O)=O
Spermidine,NCCCCNCCCN
Spermine,NCCCNCCCCNCCCN
Spirapril,CCOC(=O)[C@H](CCC1=CC=CC=C1)N[C@@H](C)C(=O)N1CC2(C[C@H]1C(O)=O)SCCS2
Stavudine,CC1=CN([C@@H]2O[C@H](CO)C=C2)C(=O)NC1=O
Streptomycin,CN[C@H]1[C@H](O)[C@@H](O)[C@H](CO)O[C@H]1O[C@H]1[C@H](O[C@H]2[C@H](O)[C@@H](O)[C@H](NC(N)=N)[C@@H](O)[C@@H]2NC(N)=N)O[C@@H](C)[C@]1(O)C=O
Strontium chloride Sr-89,[Cl-].[Cl-].[Sr++]
Succinic acid,OC(=O)CCC(O)=O
Sulfasalazine,OC(=O)C1=CC(=CC=C1O)\N=N\C1=CC=C(C=C1)S(=O)(=O)NC1=NC=CC=C1
Sulindac,CC1=C(CC(O)=O)C2=CC(F)=CC=C2\C1=C/C1=CC=C(C=C1)S(C)=O
Taurine,NCCS(O)(=O)=O
Tauroursodeoxycholic acid,[H][C@@]12CC[C@H]([C@H](C)CCC(=O)NCCS(O)(=O)=O)[C@@]1(C)CC[C@@]1([H])[C@@]2([H])[C@@H](O)C[C@]2([H])C[C@H](O)CC[C@]12C
Technetium Tc-99m mebrofenin,[99Tc].[H]OC(=O)C([H])([H])N(C([H])([H])C(=O)O[H])C([H])([H])C(=O)N([H])C1=C(C(Br)=C(C([H])=C1C([H])([H])[H])C([H])([H])[H])C([H])([H])[H]
Tegaserod,CCCCCNC(=N)N\N=C\C1=CNC2=C1C=C(OC)C=C2
Temocapril,CCOC(=O)[C@H](CCC1=CC=CC=C1)N[C@H]1CS[C@@H](CN(CC(O)=O)C1=O)C1=CC=CS1
Teniposide,[H][C@]12COC(=O)[C@]1([H])[C@]([H])(C1=CC(OC)=C(O)C(OC)=C1)C1=CC3=C(OCO3)C=C1[C@@]2([H])O[C@]1([H])O[C@]2([H])CO[C@]([H])(O[C@@]2([H])[C@]([H])(O)[C@@]1([H])O)C1=CC=CS1
Tenofovir disoproxil,[H][C@@](C)(CN1C=NC2=C(N)N=CN=C12)OCP(=O)(OCOC(=O)OC(C)C)OCOC(=O)OC(C)C
Tenoxicam,CN1C(C(=O)NC2=CC=CC=N2)=C(O)C2=C(C=CS2)S1(=O)=O
Teriflunomide,C\C(O)=C(/C#N)C(=O)NC1=CC=C(C=C1)C(F)(F)F
Tetracycline,[H][C@@]12C[C@@]3([H])C(=C(O)[C@]1(O)C(=O)C(C(N)=O)=C(O)[C@H]2N(C)C)C(=O)C1=C(O)C=CC=C1[C@@]3(C)O
Tetraethylammonium,CC[N+](CC)(CC)CC
Tetrahydrofolic acid,NC1=NC(=O)C2=C(NCC(CNC3=CC=C(C=C3)C(=O)N[C@@H](CCC(O)=O)C(O)=O)N2)N1
Theophylline,CN1C2=C(NC=N2)C(=O)N(C)C1=O
Thiamine,CC1=C(CCO)SC=[N+]1CC1=CN=C(C)N=C1N
Thioproperazine,CN(C)S(=O)(=O)C1=CC2=C(SC3=CC=CC=C3N2CCCN2CCN(C)CC2)C=C1
Thiothixene,CN(C)S(=O)(=O)C1=CC2=C(SC3=CC=CC=C3\C2=C\CCN2CCN(C)CC2)C=C1
Tioguanine,NC1=NC(=S)C2=C(N1)N=CN2
Tiotropium,[H][C@]12O[C@@]1([H])[C@]1([H])C[C@@]([H])(C[C@@]2([H])[N+]1(C)C)OC(=O)C(O)(C1=CC=CS1)C1=CC=CS1
Tolbutamide,CCCCNC(=O)NS(=O)(=O)C1=CC=C(C)C=C1
Tolmetin,CN1C(CC(O)=O)=CC=C1C(=O)C1=CC=C(C)C=C1
Topiroxostat,N#CC1=NC=CC(=C1)C1=NNC(=N1)C1=CC=NC=C1
Trandolapril,[H][C@@]12C[C@H](N(C(=O)[C@H](C)N[C@@H](CCC3=CC=CC=C3)C(=O)OCC)[C@@]1([H])CCCC2)C(O)=O
Tranexamic Acid,NC[C@H]1CC[C@@H](CC1)C(O)=O
Tretinoin,CC(C=CC1=C(C)CCCC1(C)C)=CC=CC(C)=CC(O)=O
Triethylenetetramine,NCCNCCNCCN
Trifluridine,OC[C@H]1O[C@H](C[C@@H]1O)N1C=C(C(=O)NC1=O)C(F)(F)F
Troglitazone,CC1=C(C)C2=C(CCC(C)(COC3=CC=C(CC4SC(=O)NC4=O)C=C3)O2)C(C)=C1O
Tubocurarine,[H][C@@]12CC3=CC=C(OC4=C5C(CC[N+](C)(C)[C@]5([H])CC5=CC(OC6=C(OC)C=C(CCN1C)C2=C6)=C(O)C=C5)=CC(OC)=C4O)C=C3
Tyramine,NCCC1=CC=C(O)C=C1
Ubenimex,[H][C@@](N)(CC1=CC=CC=C1)[C@]([H])(O)C(O)=N[C@@]([H])(CC(C)C)C(O)=O
Urea,NC(N)=O
Uric Acid,O=C1NC2=C(N1)C(=O)NC(=O)N2
Uridine,OC[C@H]1O[C@H]([C@H](O)[C@@H]1O)N1C=CC(=O)NC1=O
Ursodeoxycholic acid,[H][C@@]1(CC[C@@]2([H])[C@]3([H])[C@@H](O)C[C@]4([H])C[C@H](O)CC[C@]4(C)[C@@]3([H])CC[C@]12C)[C@H](C)CCC(O)=O
Valaciclovir,CC(C)[C@H](N)C(=O)OCCOCN1C=NC2=C1NC(N)=NC2=O
Valganciclovir,CC(C)[C@H](N)C(=O)OCC(CO)OCN1C=NC2=C1NC(N)=NC2=O
Valproic Acid,CCCC(CCC)C(O)=O
Valsartan,CCCCC(=O)N(CC1=CC=C(C=C1)C1=CC=CC=C1C1=NNN=N1)[C@@H](C(C)C)C(O)=O
Vandetanib,COC1=C(OCC2CCN(C)CC2)C=C2N=CN=C(NC3=C(F)C=C(Br)C=C3)C2=C1
Vasopressin,
Vemurafenib,CCCS(=O)(=O)NC1=C(F)C(C(=O)C2=CNC3=NC=C(C=C23)C2=CC=C(Cl)C=C2)=C(F)C=C1
Vigabatrin,NC(CCC(O)=O)C=C
Vilazodone,NC(=O)C1=CC2=C(O1)C=CC(=C2)N1CCN(CCCCC2=CNC3=C2C=C(C=C3)C#N)CC1
Vitamin C,[H][C@@]1(OC(=O)C(O)=C1O)[C@@H](O)CO
Zafirlukast,COC1=C(CC2=CN(C)C3=C2C=C(NC(=O)OC2CCCC2)C=C3)C=CC(=C1)C(=O)NS(=O)(=O)C1=CC=CC=C1C
Zalcitabine,NC1=NC(=O)N(C=C1)[C@H]1CC[C@@H](CO)O1
Zoledronic acid,OC(CN1C=CN=C1)(P(O)(O)=O)P(O)(O)=O
alpha-D-quinovopyranose,[H][C@]1(C)O[C@]([H])(O)[C@]([H])(O)[C@@]([H])(O)[C@]1([H])O
"beta-D-fructofuranose 1,6-bisphosphate",O[C@H]1[C@H](O)[C@@](O)(COP(O)(O)=O)O[C@@H]1COP(O)(O)=O
gamma-Aminobutyric acid,NCCCC(O)=O
trans-2-hydroxycinnamic acid,OC(=O)\C=C\C1=CC=CC=C1O