Succinic acid,OC(=O)CCC(O)=O,Yes,|substrate|,Drugbank 5.0
Aspartame,COC(=O)[C@H](CC1=CC=CC=C1)NC(=O)[C@@H](N)CC(O)=O,Yes,|inhibitor|,Drugbank 5.0
Pravastatin,[H][C@]12[C@H](C[C@H](O)C=C1C=C[C@H](C)[C@@H]2CC[C@@H](O)C[C@@H](O)CC(O)=O)OC(=O)[C@@H](C)CC,Yes,|substrate|inhibitor|,Drugbank 5.0
Baclofen,NCC(CC(O)=O)C1=CC=C(Cl)C=C1,Yes,|inhibitor|,Drugbank 5.0
Oseltamivir,CCOC(=O)C1=C[C@@H](OC(CC)CC)[C@H](NC(C)=O)[C@@H](N)C1,Yes,|substrate|,Drugbank 5.0
Doxycycline,[H][C@@]12[C@@H](C)C3=C(C(O)=CC=C3)C(=O)C1=C(O)[C@]1(O)C(=O)C(C(N)=O)=C(O)[C@@H](N(C)C)[C@]1([H])[C@H]2O,Yes,|inhibitor|,Drugbank 5.0
Liothyronine,N[C@@H](CC1=CC(I)=C(OC2=CC(I)=C(O)C=C2)C(I)=C1)C(O)=O,Yes,|inhibitor|,Drugbank 5.0
Tenofovir disoproxil,[H][C@@](C)(CN1C=NC2=C(N)N=CN=C12)OCP(=O)(OCOC(=O)OC(C)C)OCOC(=O)OC(C)C,Yes,|substrate|,Drugbank 5.0
Valproic Acid,CCCC(CCC)C(O)=O,Yes,|substrate|inhibitor|,Drugbank 5.0
Indomethacin,COC1=CC2=C(C=C1)N(C(=O)C1=CC=C(Cl)C=C1)C(C)=C2CC(O)=O,Yes,|inhibitor|,Drugbank 5.0
Aminohippuric acid,NC1=CC=C(C=C1)C(=O)NCC(O)=O,Yes,|substrate|inhibitor|,Drugbank 5.0
Digoxin,[H][C@]12CC[C@]3([H])[C@]([H])(C[C@@H](O)[C@]4(C)[C@H](CC[C@]34O)C3=CC(=O)OC3)[C@@]1(C)CC[C@@H](C2)O[C@H]1C[C@H](O)[C@H](O[C@H]2C[C@H](O)[C@H](O[C@H]3C[C@H](O)[C@H](O)[C@@H](C)O3)[C@@H](C)O2)[C@@H](C)O1,Yes,|inhibitor|,Drugbank 5.0
Allopurinol,O=C1N=CN=C2NNC=C12,Yes,|substrate|,Drugbank 5.0
Cefalotin,[H][C@]12SCC(COC(C)=O)=C(N1C(=O)[C@H]2NC(=O)CC1=CC=CS1)C(O)=O,Yes,|inhibitor|,Drugbank 5.0
Tenoxicam,CN1C(C(=O)NC2=CC=CC=N2)=C(O)C2=C(C=CS2)S1(=O)=O,Yes,|inhibitor|,Drugbank 5.0
Cefotaxime,[H][C@]12SCC(COC(C)=O)=C(N1C(=O)[C@H]2NC(=O)C(=N/OC)\C1=CSC(N)=N1)C(O)=O,Yes,|inhibitor|,Drugbank 5.0
Zidovudine,CC1=CN([C@H]2C[C@H](N=[N+]=[N-])[C@@H](CO)O2)C(=O)NC1=O,Yes,|,Drugbank 5.0
Cimetidine,C\N=C(\NCCSCC1=C(C)NC=N1)NC#N,Yes,|substrate|inhibitor|,Drugbank 5.0
Guanidine,NC(N)=N,Yes,|inhibitor|,Drugbank 5.0
Piroxicam,CN1C(C(=O)NC2=NC=CC=C2)=C(O)C2=C(C=CC=C2)S1(=O)=O,Yes,|inhibitor|,Drugbank 5.0
Methotrexate,CN(CC1=CN=C2N=C(N)N=C(N)C2=N1)C1=CC=C(C=C1)C(=O)N[C@@H](CCC(O)=O)C(O)=O,Yes,|substrate|inhibitor|,Drugbank 5.0
Cephalexin,[H][C@]12SCC(C)=C(N1C(=O)[C@H]2NC(=O)[C@H](N)C1=CC=CC=C1)C(O)=O,Yes,|inhibitor|,Drugbank 5.0
Valaciclovir,CC(C)[C@H](N)C(=O)OCCOCN1C=NC2=C1NC(N)=NC2=O,Yes,|substrate|,Drugbank 5.0
L-Carnitine,C[N+](C)(C)C[C@H](O)CC([O-])=O,Yes,|substrate|,Drugbank 5.0
Enalapril,CCOC(=O)[C@H](CCC1=CC=CC=C1)N[C@@H](C)C(=O)N1CCC[C@H]1C(O)=O,Yes,|inhibitor|,Drugbank 5.0
Diclofenac,OC(=O)CC1=CC=CC=C1NC1=C(Cl)C=CC=C1Cl,Yes,|inhibitor|,Drugbank 5.0
Oxytetracycline,[H][C@@]12[C@@H](O)[C@@]3([H])C(C(=O)C4=C(O)C=CC=C4[C@@]3(C)O)=C(O)[C@]1(O)C(=O)C(C(N)=O)=C(O)[C@H]2N(C)C,Yes,|inhibitor|,Drugbank 5.0
Testosterone,[H][C@@]12CC[C@H](O)[C@@]1(C)CC[C@@]1([H])[C@@]2([H])CCC2=CC(=O)CC[C@]12C,No,|inducer|,Drugbank 5.0
Furosemide,NS(=O)(=O)C1=C(Cl)C=C(NCC2=CC=CO2)C(=C1)C(O)=O,Yes,|inhibitor|,Drugbank 5.0
Adefovir Dipivoxil,CC(C)(C)C(=O)OCOP(=O)(COCCN1C=NC2=C(N)N=CN=C12)OCOC(=O)C(C)(C)C,Yes,|substrate|,Drugbank 5.0
Tetracycline,[H][C@@]12C[C@@]3([H])C(=C(O)[C@]1(O)C(=O)C(C(N)=O)=C(O)[C@H]2N(C)C)C(=O)C1=C(O)C=CC=C1[C@@]3(C)O,Yes,|inhibitor|,Drugbank 5.0
Estradiol,[H][C@@]12CC[C@H](O)[C@@]1(C)CC[C@]1([H])C3=C(CC[C@@]21[H])C=C(O)C=C3,Yes,|,Drugbank 5.0
Aciclovir,NC1=NC(=O)C2=C(N1)N(COCCO)C=N2,Yes,|substrate|inhibitor|,Drugbank 5.0
Phenylbutazone,CCCCC1C(=O)N(N(C1=O)C1=CC=CC=C1)C1=CC=CC=C1,Yes,|inhibitor|,Drugbank 5.0
Ranitidine,CN\C(NCCSCC1=CC=C(CN(C)C)O1)=C/[N+]([O-])=O,Yes,|substrate|,Drugbank 5.0
Bumetanide,CCCCNC1=C(OC2=CC=CC=C2)C(=CC(=C1)C(O)=O)S(N)(=O)=O,Yes,|inhibitor|,Drugbank 5.0
Quinidine,[H][C@@]12CCN(C[C@@H]1C=C)[C@]([H])(C2)[C@@H](O)C1=C2C=C(OC)C=CC2=NC=C1,Yes,|inhibitor|,Drugbank 5.0
Dinoprostone,CCCCC[C@H](O)\C=C\[C@H]1[C@H](O)CC(=O)[C@@H]1C\C=C/CCCC(O)=O,Yes,|substrate|inhibitor|,Drugbank 5.0
Famotidine,NC(N)=NC1=NC(CSCCC(N)=NS(N)(=O)=O)=CS1,Yes,|substrate|inhibitor|,Drugbank 5.0
Salicylic acid,OC(=O)C1=CC=CC=C1O,Yes,|inhibitor|,Drugbank 5.0
Ganciclovir,NC1=NC2=C(N=CN2COC(CO)CO)C(=O)N1,Yes,|inhibitor|,Drugbank 5.0
Ketoprofen,CC(C(O)=O)C1=CC(=CC=C1)C(=O)C1=CC=CC=C1,Yes,|inhibitor|,Drugbank 5.0
Minocycline,[H][C@@]12CC3=C(C(O)=CC=C3N(C)C)C(=O)C1=C(O)[C@]1(O)C(=O)C(C(N)=O)=C(O)[C@@H](N(C)C)[C@]1([H])C2,Yes,|inhibitor|,Drugbank 5.0
Probenecid,CCCN(CCC)S(=O)(=O)C1=CC=C(C=C1)C(O)=O,Yes,|inhibitor|,Drugbank 5.0
Mercaptopurine,S=C1N=CNC2=C1NC=N2,Yes,|substrate|inhibitor|,Drugbank 5.0
Ibuprofen,CC(C)CC1=CC=C(C=C1)C(C)C(O)=O,Yes,|inhibitor|,Drugbank 5.0
Novobiocin,CO[C@@H]1[C@@H](OC(N)=O)[C@@H](O)[C@H](OC2=C(C)C3=C(C=C2)C(O)=C(NC(=O)C2=CC=C(O)C(CC=C(C)C)=C2)C(=O)O3)OC1(C)C,Yes,|inhibitor|,Drugbank 5.0
Benzylpenicillin,[H][C@]12SC(C)(C)[C@@H](N1C(=O)[C@H]2NC(=O)CC1=CC=CC=C1)C(O)=O,Yes,|substrate|inhibitor|,Drugbank 5.0
Melatonin,COC1=CC2=C(NC=C2CCNC(C)=O)C=C1,Yes,|inhibitor|,Drugbank 5.0
Ouabain,[H][C@@]12CC[C@]3(O)C[C@H](C[C@@H](O)[C@]3(CO)[C@@]1([H])[C@H](O)C[C@]1(C)[C@H](CC[C@]21O)C1=CC(=O)OC1)O[C@@H]1O[C@@H](C)[C@H](O)[C@@H](O)[C@H]1O,Yes,|inhibitor|,Drugbank 5.0
Cefadroxil,[H][C@]12SCC(C)=C(N1C(=O)[C@H]2NC(=O)[C@H](N)C1=CC=C(O)C=C1)C(O)=O,Yes,|inhibitor|,Drugbank 5.0
Dinoprost Tromethamine,OCC(N)(CO)CO.CCCCC[C@H](O)\C=C\[C@H]1[C@H](O)C[C@H](O)[C@@H]1C\C=C/CCCC(O)=O,Yes,|,Drugbank 5.0
Ceftriaxone,[H][C@]12SCC(CSC3=NC(=O)C(=O)NN3C)=C(N1C(=O)[C@H]2NC(=O)C(=N/OC)\C1=CSC(N)=N1)C(O)=O,Yes,|inhibitor|,Drugbank 5.0
Cefamandole,[H][C@]12SCC(CSC3=NN=NN3C)=C(N1C(=O)[C@H]2NC(=O)[C@H](O)C1=CC=CC=C1)C(O)=O,Yes,|inhibitor|,Drugbank 5.0
Cefazolin,[H][C@]12SCC(CSC3=NN=C(C)S3)=C(N1C(=O)[C@H]2NC(=O)CN1C=NN=N1)C(O)=O,Yes,|inhibitor|,Drugbank 5.0
Cefoperazone,[H][C@]12SCC(CSC3=NN=NN3C)=C(N1C(=O)[C@H]2NC(=O)C(NC(=O)N1CCN(CC)C(=O)C1=O)C1=CC=C(O)C=C1)C(O)=O,Yes,|inhibitor|,Drugbank 5.0
Cefacetrile,[H][C@]12SCC(COC(C)=O)=C(N1C(=O)[C@H]2NC(=O)CC#N)C(O)=O,Yes,|substrate|inhibitor|,Drugbank 5.0
Liotrix,[Na+].[Na+].N[C@@H](CC1=CC(I)=C(OC2=CC(I)=C(O)C=C2)C(I)=C1)C([O-])=O.N[C@@H](CC1=CC(I)=C(OC2=CC(I)=C(O)C(I)=C2)C(I)=C1)C([O-])=O,Yes,|inhibitor|,Drugbank 5.0
Cilastatin,N[C@@H](CSCCCC\C=C(/NC(=O)[C@H]1CC1(C)C)C(=O)O)C(=O)O,Yes,|inhibitor|,Drugbank 5.0
trans-2-hydroxycinnamic acid,OC(=O)\C=C\C1=CC=CC=C1O,Yes,|inhibitor|,Drugbank 5.0
Topiroxostat,N#CC1=NC=CC(=C1)C1=NNC(=N1)C1=CC=NC=C1,Yes,|inhibitor|,Drugbank 5.0
Cyclic Adenosine Monophosphate,NC1=NC=NC2=C1N=CN2[C@@H]1O[C@@H]2COP(O)(=O)O[C@H]2[C@H]1O,Yes,|substrate|,Drugbank 5.0
Cholic Acid,[H][C@@](C)(CCC(O)=O)[C@@]1([H])CC[C@@]2([H])[C@]3([H])[C@]([H])(O)C[C@]4([H])C[C@]([H])(O)CC[C@]4(C)[C@@]3([H])C[C@]([H])(O)[C@]12C,Yes,|inhibitor|,Drugbank 5.0
Glutaric Acid,OC(=O)CCCC(O)=O,Yes,|substrate|inhibitor|,Drugbank 5.0
Benzoic Acid,OC(=O)C1=CC=CC=C1,Yes,|inhibitor|,Drugbank 5.0
Oxalic Acid,OC(=O)C(O)=O,Yes,|substrate|,Drugbank 5.0
Degraded Cephaloridine,[H][C@@](NC(=O)CC1=CC=CS1)(C=O)[C@]1([H])NC(C(O)=O)=C(C)CS1,Yes,|,Drugbank 5.0
Taurocholic Acid,[H][C@@]1(CC[C@@]2([H])[C@]3([H])[C@H](O)C[C@]4([H])C[C@H](O)CC[C@]4(C)[C@@]3([H])C[C@H](O)[C@]12C)[C@H](C)CCC(=O)NCCS(O)(=O)=O,Yes,|substrate|inhibitor|,Drugbank 5.0
Caprylic acid,CCCCCCCC(O)=O,Yes,|inhibitor|,Drugbank 5.0
Prasterone sulfate,[H][C@@]12CCC(=O)[C@@]1(C)CC[C@@]1([H])[C@@]2([H])CC=C2C[C@H](CC[C@]12C)OS(O)(=O)=O,Yes,|,Drugbank 5.0
Saxagliptin,N[C@H](C(=O)N1[C@H]2C[C@H]2C[C@H]1C#N)C12CC3CC(CC(O)(C3)C1)C2,Yes,|substrate|,Drugbank 5.0
Methyltestosterone,[H][C@@]12CC[C@](C)(O)[C@@]1(C)CC[C@@]1([H])[C@@]2([H])CCC2=CC(=O)CC[C@]12C,No,|inducer|,Drugbank 5.0
Tetraethylammonium,CC[N+](CC)(CC)CC,Yes,|,Drugbank 5.0
Uric Acid,O=C1NC2=C(N1)C(=O)NC(=O)N2,Yes,|,Drugbank 5.0
Dabrafenib,CC(C)(C)C1=NC(=C(S1)C1=NC(N)=NC=C1)C1=C(F)C(NS(=O)(=O)C2=C(F)C=CC=C2F)=CC=C1,Yes,|inhibitor|,Drugbank 5.0
Dolutegravir,[H][C@]12CN3C=C(C(=O)NCC4=CC=C(F)C=C4F)C(=O)C(O)=C3C(=O)N1[C@H](C)CCO2,Yes,|inhibitor|,Drugbank 5.0
Avibactam,[H]OS(=O)(=O)ON1C(=O)N2C([H])([H])[C@@]1([H])C([H])([H])C([H])([H])[C@@]2([H])C(=O)N([H])[H],Yes,|substrate|,Drugbank 5.0
Eluxadoline,COC1=CC=C(CN([C@@H](C)C2=NC(=CN2)C2=CC=CC=C2)C(=O)[C@@H](N)CC2=C(C)C=C(C=C2C)C(N)=O)C=C1C(O)=O,Yes,|substrate|,Drugbank 5.0
Baricitinib,CCS(=O)(=O)N1CC(CC#N)(C1)N1C=C(C=N1)C1=C2C=CNC2=NC=N1,Yes,|substrate|inhibitor|,Drugbank 5.0
Letermovir,COC1=CC=CC(=C1)N1CCN(CC1)C1=NC2=C(C=CC=C2F)[C@H](CC(O)=O)N1C1=CC(=CC=C1OC)C(F)(F)F,Yes,|inhibitor|,Drugbank 5.0
Rucaparib,CNCC1=CC=C(C=C1)C1=C2CCNC(=O)C3=C2C(N1)=CC(F)=C3,Yes,|inhibitor|,Drugbank 5.0
Enasidenib,CC(C)(O)CNC1=NC(=NC(NC2=CC(=NC=C2)C(F)(F)F)=N1)C1=NC(=CC=C1)C(F)(F)F,Yes,|inhibitor|,Drugbank 5.0
stiripentol,,Yes,|inhibitor|,PMID: 22973893
penciclovir,,Yes,|inhibitor|,PMID: 22973893
chlorpropamide,,Yes,|inhibitor|,PMID: 22973893
cortisol succinate,,Yes,|inhibitor|,PMID: 22973893
ornidazole,,Yes,|inhibitor|,PMID: 22973893
artesunate,,Yes,|inhibitor|,PMID: 22973893
demeclocycline,,Yes,|inhibitor|,PMID: 22973893
benazepril,,Yes,|inhibitor|,PMID: 22973893
mefenamic acid,,Yes,|inhibitor|,PMID: 22973893
oxaprozin,,Yes,|inhibitor|,PMID: 22973893
ketorolac tromethamine,,Yes,|inhibitor|,PMID: 22973893
irbesartan,,Yes,|inhibitor|,PMID: 22973893
balsalazide,,Yes,|inhibitor|,PMID: 22973893
meclofenamic acid,,Yes,|inhibitor|,PMID: 22973893
nateglinide,,Yes,|inhibitor|,PMID: 22973893
diflunisal,,Yes,|inhibitor|,PMID: 22973893
valsartan,,Yes,|inhibitor|,PMID: 22973893
ethacrynic acid,,Yes,|inhibitor|,PMID: 22973893
pioglitazone,,Yes,|inhibitor|,PMID: 22973893
amlexanox,,Yes,|inhibitor|,PMID: 22973893
nitazoxanide,,Yes,|inhibitor|,PMID: 22973893
telmisartan,,Yes,|inhibitor|,PMID: 22973893
