Gramicidin D,CC(C)C[C@@H](NC(=O)CNC(=O)[C@@H](NC=O)C(C)C)C(=O)N[C@@H](C)C(=O)N[C@H](C(C)C)C(=O)N[C@@H](C(C)C)C(=O)N[C@H](C(C)C)C(=O)N[C@@H](CC1=CNC2=C1C=CC=C2)C(=O)N[C@H](CC(C)C)C(=O)N[C@@H](CC1=CNC2=C1C=CC=C2)C(=O)N[C@H](CC(C)C)C(=O)N[C@@H](CC1=CNC2=C1C=CC=C2)C(=O)N[C@H](CC(C)C)C(=O)N[C@@H](CC1=CNC2=C1C=CC=C2)C(=O)NCCO,Yes,|inhibitor|,DrugBank 5.0
Cyclosporine,CC[C@@H]1NC(=O)[C@H]([C@H](O)[C@H](C)C\C=C\C)N(C)C(=O)[C@H](C(C)C)N(C)C(=O)[C@H](CC(C)C)N(C)C(=O)[C@H](CC(C)C)N(C)C(=O)[C@@H](C)NC(=O)[C@H](C)NC(=O)[C@H](CC(C)C)N(C)C(=O)[C@@H](NC(=O)[C@H](CC(C)C)N(C)C(=O)CN(C)C1=O)C(C)C,Yes,|substrate|inhibitor|inducer|,
Pravastatin,[H][C@]12[C@H](C[C@H](O)C=C1C=C[C@H](C)[C@@H]2CC[C@@H](O)C[C@@H](O)CC(O)=O)OC(=O)[C@@H](C)CC,Yes,|substrate|inhibitor|,
Fluvoxamine,COCCCCC(=NOCCN)C1=CC=C(C=C1)C(F)(F)F,Yes,|inhibitor|,
Fluconazole,OC(CN1C=NC=N1)(CN1C=NC=N1)C1=C(F)C=C(F)C=C1,Yes,|inhibitor|,
Erythromycin,CC[C@H]1OC(=O)[C@H](C)[C@@H](O[C@H]2C[C@@](C)(OC)[C@@H](O)[C@H](C)O2)[C@H](C)[C@@H](O[C@@H]2O[C@H](C)C[C@@H]([C@H]2O)N(C)C)[C@](C)(O)C[C@@H](C)C(=O)[C@H](C)[C@@H](O)[C@]1(C)O,Yes,|inhibitor|,
Caffeine,CN1C=NC2=C1C(=O)N(C)C(=O)N2C,Yes,|substrate|inhibitor|,
Reserpine,[H][C@]12C[C@@H](OC(=O)C3=CC(OC)=C(OC)C(OC)=C3)[C@H](OC)[C@@H](C(=O)OC)[C@@]1([H])C[C@@]1([H])N(CCC3=C1NC1=C3C=CC(OC)=C1)C2,Yes,|substrate|inhibitor|inducer|,
Azithromycin,CC[C@H]1OC(=O)[C@H](C)[C@@H](O[C@H]2C[C@@](C)(OC)[C@@H](O)[C@H](C)O2)[C@H](C)[C@@H](O[C@@H]2O[C@H](C)C[C@@H]([C@H]2O)N(C)C)[C@](C)(O)C[C@@H](C)CN(C)[C@H](C)[C@@H](O)[C@]1(C)O,Yes,|inhibitor|,
Pantoprazole,COC1=C(OC)C(CS(=O)C2=NC3=C(N2)C=C(OC(F)F)C=C3)=NC=C1,Yes,|inhibitor|,
Citalopram,CN(C)CCCC1(OCC2=C1C=CC(=C2)C#N)C1=CC=C(F)C=C1,Yes,|substrate|inhibitor|,
Eletriptan,CN1CCC[C@@H]1CC1=CNC2=C1C=C(CCS(=O)(=O)C1=CC=CC=C1)C=C2,Yes,|substrate|,
Nelfinavir,[H][C@@]12CCCC[C@]1([H])CN(C[C@@H](O)[C@H](CSC1=CC=CC=C1)NC(=O)C1=C(C)C(O)=CC=C1)[C@@H](C2)C(=O)NC(C)(C)C,Yes,|substrate|inhibitor|inducer|,
Indinavir,CC(C)(C)NC(=O)[C@@H]1CN(CC2=CN=CC=C2)CCN1C[C@@H](O)C[C@@H](CC1=CC=CC=C1)C(=O)N[C@@H]1[C@H](O)CC2=CC=CC=C12,Yes,|substrate|inhibitor|inducer|,
Lovastatin,[H][C@]12[C@H](C[C@@H](C)C=C1C=C[C@H](C)[C@@H]2CC[C@@H]1C[C@@H](O)CC(=O)O1)OC(=O)[C@@H](C)CC,Yes,|inhibitor|,
Reboxetine,[H][C@@](OC1=CC=CC=C1OCC)(C1=CC=CC=C1)[C@@]1([H])CNCCO1,Yes,|inhibitor|,
Phenytoin,O=C1NC(=O)C(N1)(C1=CC=CC=C1)C1=CC=CC=C1,Yes,|substrate|,
Diethylstilbestrol,CCC(=C(CC)C1=CC=C(O)C=C1)C1=CC=C(O)C=C1,Yes,|substrate|,
Clotrimazole,ClC1=CC=CC=C1C(N1C=CN=C1)(C1=CC=CC=C1)C1=CC=CC=C1,Yes,|inhibitor|inducer|,
Metoprolol,COCCC1=CC=C(OCC(O)CNC(C)C)C=C1,Yes,|substrate|inhibitor|,
Amsacrine,COC1=C(NC2=C3C=CC=CC3=NC3=CC=CC=C23)C=CC(NS(C)(=O)=O)=C1,Yes,|inhibitor|,
Liothyronine,N[C@@H](CC1=CC(I)=C(OC2=CC(I)=C(O)C=C2)C(I)=C1)C(O)=O,No,|inducer|,
Lidocaine,CCN(CC)CC(=O)NC1=C(C)C=CC=C1C,Yes,|inhibitor|,
Venlafaxine,COC1=CC=C(C=C1)C(CN(C)C)C1(O)CCCCC1,Yes,|substrate|inhibitor|,
Morphine,[H][C@@]12OC3=C(O)C=CC4=C3[C@@]11CCN(C)[C@]([H])(C4)[C@]1([H])C=C[C@@H]2O,Yes,|substrate|inhibitor|,
Mitomycin,CO[C@]12[C@H]3N[C@H]3CN1C1=C([C@H]2COC(N)=O)C(=O)C(N)=C(C)C1=O,Yes,|inhibitor|,
Acetaminophen,CC(=O)NC1=CC=C(O)C=C1,Yes,|substrate|inhibitor|,
Gefitinib,COC1=C(OCCCN2CCOCC2)C=C2C(NC3=CC(Cl)=C(F)C=C3)=NC=NC2=C1,Yes,|substrate|inhibitor|,
Dihydroergotamine,[H][C@@]12CCCN1C(=O)[C@H](CC1=CC=CC=C1)N1C(=O)[C@](C)(NC(=O)[C@H]3CN(C)[C@]4([H])CC5=CNC6=CC=CC(=C56)[C@@]4([H])C3)O[C@@]21O,Yes,|inhibitor|,
Amitriptyline,CN(C)CCC=C1C2=CC=CC=C2CCC2=CC=CC=C12,Yes,|substrate|inhibitor|,
Indomethacin,COC1=CC2=C(C=C1)N(C(=O)C1=CC=C(Cl)C=C1)C(C)=C2CC(O)=O,Yes,|substrate|inhibitor|,
Methadone,CCC(=O)C(CC(C)N(C)C)(C1=CC=CC=C1)C1=CC=CC=C1,Yes,|inhibitor|,
Olanzapine,CN1CCN(CC1)C1=NC2=CC=CC=C2NC2=C1C=C(C)S2,Yes,|substrate|,
Atenolol,CC(C)NCC(O)COC1=CC=C(CC(N)=O)C=C1,Yes,|substrate|inhibitor|,
Omeprazole,COC1=CC2=C(C=C1)N=C(N2)S(=O)CC1=NC=C(C)C(OC)=C1C,Yes,|inhibitor|,
Terfenadine,CC(C)(C)C1=CC=C(C=C1)C(O)CCCN1CCC(CC1)C(O)(C1=CC=CC=C1)C1=CC=CC=C1,Yes,|inhibitor|,
Diltiazem,COC1=CC=C(C=C1)[C@@H]1SC2=CC=CC=C2N(CCN(C)C)C(=O)[C@@H]1OC(C)=O,Yes,|substrate|inhibitor|,
Protriptyline,CNCCCC1C2=CC=CC=C2C=CC2=CC=CC=C12,Yes,|inhibitor|,
Aminohippuric acid,NC1=CC=C(C=C1)C(=O)NCC(O)=O,Yes,|inhibitor|,
Clobazam,CN1C2=C(C=C(Cl)C=C2)N(C2=CC=CC=C2)C(=O)CC1=O,Yes,|substrate|,
Megestrol acetate,[H][C@@]12CC[C@](OC(C)=O)(C(C)=O)[C@@]1(C)CC[C@@]1([H])[C@@]2([H])C=C(C)C2=CC(=O)CC[C@]12C,Yes,|inhibitor|,
Mefloquine,OC(C1CCCCN1)C1=CC(=NC2=C1C=CC=C2C(F)(F)F)C(F)(F)F,Yes,|inhibitor|,
Vinorelbine,[H][C@@]12N(C)C3=CC(OC)=C(C=C3[C@@]11CCN3CC=C[C@@](CC)([C@@H](OC(C)=O)[C@@]2(O)C(=O)OC)[C@@]13[H])[C@]1(C[C@@]2([H])CN(CC(CC)=C2)CC2=C1NC1=CC=CC=C21)C(=O)OC,Yes,|inhibitor|,
Clozapine,CN1CCN(CC1)C1=NC2=CC(Cl)=CC=C2NC2=CC=CC=C12,Yes,|substrate|,
Grepafloxacin,CC1CN(CCN1)C1=C(F)C(C)=C2C(=O)C(=CN(C3CC3)C2=C1)C(O)=O,Yes,|substrate|inhibitor|,
Meprobamate,CCCC(C)(COC(N)=O)COC(N)=O,Yes,|inhibitor|,
Timolol,[H][C@](O)(CNC(C)(C)C)COC1=NSN=C1N1CCOCC1,Yes,|substrate|,
Amlodipine,CCOC(=O)C1=C(COCCN)NC(C)=C(C1C1=CC=CC=C1Cl)C(=O)OC,Yes,|inhibitor|,
Tacrine,NC1=C2CCCCC2=NC2=CC=CC=C12,Yes,|inhibitor|,
Digoxin,[H][C@]12CC[C@]3([H])[C@]([H])(C[C@@H](O)[C@]4(C)[C@H](CC[C@]34O)C3=CC(=O)OC3)[C@@]1(C)CC[C@@H](C2)O[C@H]1C[C@H](O)[C@H](O[C@H]2C[C@H](O)[C@H](O[C@H]3C[C@H](O)[C@H](O)[C@@H](C)O3)[C@@H](C)O2)[C@@H](C)O1,Yes,|substrate|inhibitor|inducer|,
Progesterone,[H][C@@]12CC[C@H](C(C)=O)[C@@]1(C)CC[C@@]1([H])[C@@]2([H])CCC2=CC(=O)CC[C@]12C,Yes,|substrate|inhibitor|inducer|,
Sorafenib,CNC(=O)C1=NC=CC(OC2=CC=C(NC(=O)NC3=CC(=C(Cl)C=C3)C(F)(F)F)C=C2)=C1,Yes,|substrate|inhibitor|,
Nisoldipine,COC(=O)C1=C(C)NC(C)=C(C1C1=CC=CC=C1[N+]([O-])=O)C(=O)OCC(C)C,Yes,|inhibitor|,
Spironolactone,[H][C@@]12CC[C@@]3(CCC(=O)O3)[C@@]1(C)CC[C@@]1([H])[C@@]2([H])[C@@]([H])(CC2=CC(=O)CC[C@]12C)SC(C)=O,Yes,|inhibitor|,
Streptozocin,CN(N=O)C(=O)N[C@H]1[C@@H](O)O[C@H](CO)[C@@H](O)[C@@H]1O,No,|inducer|,
Cerivastatin,COCC1=C(C2=CC=C(F)C=C2)C(\C=C\[C@@H](O)C[C@@H](O)CC(O)=O)=C(C(C)C)N=C1C(C)C,Yes,|substrate|,
Trimethoprim,COC1=CC(CC2=CN=C(N)N=C2N)=CC(OC)=C1OC,Yes,|inhibitor|inducer|,
Gemcitabine,NC1=NC(=O)N(C=C1)[C@@H]1O[C@H](CO)[C@@H](O)C1(F)F,Yes,|substrate|,
Betamethasone,[H][C@@]12C[C@H](C)[C@](O)(C(=O)CO)[C@@]1(C)C[C@H](O)[C@@]1(F)[C@@]2([H])CCC2=CC(=O)C=C[C@]12C,Yes,|substrate|,
Lansoprazole,CC1=C(OCC(F)(F)F)C=CN=C1CS(=O)C1=NC2=CC=CC=C2N1,Yes,|substrate|inhibitor|,
Levothyroxine,N[C@@H](CC1=CC(I)=C(OC2=CC(I)=C(O)C(I)=C2)C(I)=C1)C(O)=O,No,|inducer|,
Loratadine,CCOC(=O)N1CCC(CC1)=C1C2=C(CCC3=C1N=CC=C3)C=C(Cl)C=C2,Yes,|inhibitor|,
Prazosin,COC1=C(OC)C=C2C(N)=NC(=NC2=C1)N1CCN(CC1)C(=O)C1=CC=CO1,Yes,|substrate|inhibitor|,
Imipramine,CN(C)CCCN1C2=CC=CC=C2CCC2=CC=CC=C12,Yes,|substrate|inhibitor|,
Quinine,[H][C@]1(C[C@@H]2CC[N@]1C[C@@H]2C=C)[C@H](O)C1=CC=NC2=CC=C(OC)C=C12,Yes,|substrate|inhibitor|,
Dronabinol,[H][C@@]12C=C(C)CC[C@@]1([H])C(C)(C)OC1=C2C(O)=CC(CCCCC)=C1,Yes,|inhibitor|,
Fluoxetine,CNCCC(OC1=CC=C(C=C1)C(F)(F)F)C1=CC=CC=C1,Yes,|inhibitor|,
Chlorpromazine,CN(C)CCCN1C2=CC=CC=C2SC2=C1C=C(Cl)C=C2,Yes,|substrate|inhibitor|,
Lenalidomide,NC1=CC=CC2=C1CN(C1CCC(=O)NC1=O)C2=O,Yes,|substrate|,
Buspirone,O=C1CC2(CCCC2)CC(=O)N1CCCCN1CCN(CC1)C1=NC=CC=N1,Yes,|inhibitor|,
Zidovudine,CC1=CN([C@H]2C[C@H](N=[N+]=[N-])[C@@H](CO)O2)C(=O)NC1=O,Yes,|substrate|,
Cimetidine,C\N=C(\NCCSCC1=C(C)NC=N1)NC#N,Yes,|substrate|inhibitor|inducer|,
Haloperidol,OC1(CCN(CCCC(=O)C2=CC=C(F)C=C2)CC1)C1=CC=C(Cl)C=C1,Yes,|substrate|inhibitor|,
Ritonavir,CC(C)[C@H](NC(=O)N(C)CC1=CSC(=N1)C(C)C)C(=O)N[C@H](C[C@H](O)[C@H](CC1=CC=CC=C1)NC(=O)OCC1=CN=CS1)CC1=CC=CC=C1,Yes,|substrate|inhibitor|inducer|,
Triflupromazine,CN(C)CCCN1C2=CC=CC=C2SC2=C1C=C(C=C2)C(F)(F)F,Yes,|inhibitor|,
Dextromethorphan,[H][C@]12CC3=C(C=C(OC)C=C3)[C@@]3(CCCC[C@]13[H])CCN2C,Yes,|inhibitor|,
Cisplatin,N[Pt](N)(Cl)Cl,Yes,|substrate|,
Albendazole,CCCSC1=CC2=C(C=C1)N=C(NC(=O)OC)N2,Yes,|inhibitor|,
Caspofungin,CCC(C)CC(C)CCCCCCCCC(=O)N[C@H]1C[C@@H](O)[C@@H](NCCN)NC(=O)[C@@H]2[C@@H](O)CCN2C(=O)[C@@H](NC(=O)[C@@H](NC(=O)[C@@H]2C[C@@H](O)CN2C(=O)[C@@H](NC1=O)[C@@H](C)O)[C@H](O)[C@@H](O)C1=CC=C(O)C=C1)[C@H](O)CCN,Yes,|inhibitor|,
Alitretinoin,C\C(\C=C\C1=C(C)CCCC1(C)C)=C\C=C\C(\C)=C\C(O)=O,Yes,|substrate|,
Erlotinib,COCCOC1=C(OCCOC)C=C2C(NC3=CC=CC(=C3)C#C)=NC=NC2=C1,Yes,|substrate|,
Cyclophosphamide,ClCCN(CCCl)P1(=O)NCCCO1,Yes,|inhibitor|,
Ciprofloxacin,OC(=O)C1=CN(C2CC2)C2=CC(N3CCNCC3)=C(F)C=C2C1=O,Yes,|substrate|inhibitor|,
Toremifene,CN(C)CCOC1=CC=C(C=C1)C(=C(\CCCl)C1=CC=CC=C1)\C1=CC=CC=C1,Yes,|substrate|,
Vincristine,[H][C@@]12N3CC[C@@]11C4=CC(=C(OC)C=C4N(C=O)[C@@]1([H])[C@](O)([C@H](OC(C)=O)[C@]2(CC)C=CC3)C(=O)OC)[C@]1(C[C@]2([H])CN(C[C@](O)(CC)C2)CCC2=C1NC1=CC=CC=C21)C(=O)OC,Yes,|substrate|inhibitor|inducer|,
Lamotrigine,NC1=NC(N)=C(N=N1)C1=C(Cl)C(Cl)=CC=C1,Yes,|substrate|,
Methotrexate,CN(CC1=CN=C2N=C(N)N=C(N)C2=N1)C1=CC=C(C=C1)C(=O)N[C@@H](CCC(O)=O)C(O)=O,Yes,|substrate|,
Carbamazepine,NC(=O)N1C2=CC=CC=C2C=CC2=CC=CC=C12,Yes,|substrate|inhibitor|inducer|,
Vinblastine,[H][C@@]12N(C)C3=CC(OC)=C(C=C3[C@@]11CCN3CC=C[C@](CC)([C@@]13[H])[C@@]([H])(OC(C)=O)[C@]2(O)C(=O)OC)[C@]1(C[C@@]2([H])CN(C[C@](O)(CC)C2)CCC2=C1NC1=CC=CC=C21)C(=O)OC,Yes,|substrate|inhibitor|inducer|,
Propranolol,CC(C)NCC(O)COC1=CC=CC2=CC=CC=C12,Yes,|substrate|inhibitor|,
Clonidine,ClC1=CC=CC(Cl)=C1NC1=NCCN1,Yes,|substrate|,
Enalapril,CCOC(=O)[C@H](CCC1=CC=CC=C1)N[C@@H](C)C(=O)N1CCC[C@H]1C(O)=O,Yes,|inhibitor|,
Nizatidine,CNC(NCCSCC1=CSC(CN(C)C)=N1)=C[N+]([O-])=O,Yes,|substrate|,
Diclofenac,OC(=O)CC1=CC=CC=C1NC1=C(Cl)C=CC=C1Cl,Yes,|inhibitor|,
Doxazosin,COC1=C(OC)C=C2C(N)=NC(=NC2=C1)N1CCN(CC1)C(=O)C1COC2=CC=CC=C2O1,Yes,|inhibitor|,
Ivermectin,CO[C@H]1C[C@@H](O[C@@H](C)[C@@H]1O)O[C@H]1[C@H](C)O[C@H](C[C@@H]1OC)O[C@H]1[C@@H](C)\C=C\C=C2/CO[C@@H]3[C@H](O)C(C)=C[C@@H](C(=O)O[C@H]4C[C@@H](C\C=C1/C)O[C@@]1(CC[C@H](C)[C@@H](C(C)C)O1)C4)[C@]23O.CC[C@@H](C)[C@H]1O[C@@]2(CC[C@@H]1C)O[C@@H]1C\C=C(C)\[C@@H](O[C@@H]3O[C@@H](C)[C@H](O[C@@H]4O[C@@H](C)[C@H](O)[C@@H](OC)C4)[C@@H](OC)C3)[C@@H](C)\C=C\C=C3/CO[C@@H]4[C@H](O)C(C)=C[C@@H](C(=O)O[C@@H](C1)C2)[C@]34O,Yes,|substrate|inhibitor|,
Chloroquine,CCN(CC)CCCC(C)NC1=C2C=CC(Cl)=CC2=NC=C1,Yes,|inhibitor|,
Imatinib,CN1CCN(CC2=CC=C(C=C2)C(=O)NC2=CC(NC3=NC=CC(=N3)C3=CN=CC=C3)=C(C)C=C2)CC1,Yes,|substrate|inhibitor|,
Nicardipine,COC(=O)C1=C(C)NC(C)=C(C1C1=CC(=CC=C1)[N+]([O-])=O)C(=O)OCCN(C)CC1=CC=CC=C1,Yes,|substrate|inhibitor|,
Fluphenazine,OCCN1CCN(CCCN2C3=CC=CC=C3SC3=C2C=C(C=C3)C(F)(F)F)CC1,Yes,|inhibitor|,
Testosterone,[H][C@@]12CC[C@H](O)[C@@]1(C)CC[C@@]1([H])[C@@]2([H])CCC2=CC(=O)CC[C@]12C,Yes,|inhibitor|,
Prednisone,[H][C@@]12CC[C@](O)(C(=O)CO)[C@@]1(C)CC(=O)[C@@]1([H])[C@@]2([H])CCC2=CC(=O)C=C[C@]12C,Yes,|substrate|inhibitor|,
Astemizole,COC1=CC=C(CCN2CCC(CC2)NC2=NC3=CC=CC=C3N2CC2=CC=C(F)C=C2)C=C1,Yes,|inhibitor|,
Simvastatin,[H][C@]12[C@H](C[C@@H](C)C=C1C=C[C@H](C)[C@@H]2CC[C@@H]1C[C@@H](O)CC(=O)O1)OC(=O)C(C)(C)CC,Yes,|inhibitor|,
Mebendazole,COC(=O)NC1=NC2=C(N1)C=C(C=C2)C(=O)C1=CC=CC=C1,Yes,|inhibitor|,
Estrone,[H][C@@]12CCC(=O)[C@@]1(C)CC[C@]1([H])C3=C(CC[C@@]21[H])C=C(O)C=C3,Yes,|substrate|inducer|,
Trazodone,ClC1=CC=CC(=C1)N1CCN(CCCN2N=C3C=CC=CN3C2=O)CC1,No,|inducer|,
Verapamil,COC1=C(OC)C=C(CCN(C)CCCC(C#N)(C(C)C)C2=CC(OC)=C(OC)C=C2)C=C1,Yes,|substrate|inhibitor|inducer|,
Sumatriptan,CNS(=O)(=O)CC1=CC2=C(NC=C2CCN(C)C)C=C1,Yes,|inhibitor|,
Chlorpropamide,CCCNC(=O)NS(=O)(=O)C1=CC=C(Cl)C=C1,Yes,|inhibitor|,
Tamoxifen,CC\C(=C(/C1=CC=CC=C1)C1=CC=C(OCCN(C)C)C=C1)C1=CC=CC=C1,Yes,|substrate|inhibitor|inducer|,
Losartan,CCCCC1=NC(Cl)=C(CO)N1CC1=CC=C(C=C1)C1=CC=CC=C1C1=NNN=N1,Yes,|substrate|inhibitor|,
Midazolam,CC1=NC=C2CN=C(C3=CC=CC=C3F)C3=C(C=CC(Cl)=C3)N12,Yes,|substrate|inhibitor|inducer|,
Mycophenolate mofetil,COC1=C(C\C=C(/C)CCC(=O)OCCN2CCOCC2)C(O)=C2C(=O)OCC2=C1C,Yes,|substrate|,
Flurazepam,CCN(CC)CCN1C2=C(C=C(Cl)C=C2)C(=NCC1=O)C1=CC=CC=C1F,Yes,|inhibitor|,
Daunorubicin,COC1=CC=CC2=C1C(=O)C1=C(O)C3=C(C[C@](O)(C[C@@H]3O[C@H]3C[C@H](N)[C@H](O)[C@H](C)O3)C(C)=O)C(O)=C1C2=O,Yes,|substrate|inhibitor|inducer|,
Ergotamine,[H][C@@]12CCCN1C(=O)[C@H](CC1=CC=CC=C1)N1C(=O)[C@](C)(NC(=O)[C@H]3CN(C)[C@]4([H])CC5=CNC6=CC=CC(=C56)C4=C3)O[C@@]21O,Yes,|inhibitor|,
Amprenavir,CC(C)CN(C[C@@H](O)[C@H](CC1=CC=CC=C1)NC(=O)O[C@H]1CCOC1)S(=O)(=O)C1=CC=C(N)C=C1,Yes,|inhibitor|inducer|,
Naltrexone,[H][C@@]12OC3=C(O)C=CC4=C3[C@@]11CCN(CC3CC3)[C@]([H])(C4)[C@]1(O)CCC2=O,Yes,|inhibitor|,
Lamivudine,NC1=NC(=O)N(C=C1)[C@@H]1CS[C@H](CO)O1,Yes,|substrate|,
Paroxetine,FC1=CC=C(C=C1)[C@@H]1CCNC[C@H]1COC1=CC2=C(OCO2)C=C1,Yes,|inhibitor|,
Norethisterone,[H][C@@]12CC[C@@](O)(C#C)[C@@]1(C)CC[C@]1([H])[C@@]3([H])CCC(=O)C=C3CC[C@@]21[H],No,|inducer|,
Trimipramine,CC(CN(C)C)CN1C2=CC=CC=C2CCC2=CC=CC=C12,Yes,|inhibitor|,
Risperidone,CC1=C(CCN2CCC(CC2)C2=NOC3=C2C=CC(F)=C3)C(=O)N2CCCCC2=N1,Yes,|substrate|,
Hydrocortisone,[H][C@@]12CC[C@](O)(C(=O)CO)[C@@]1(C)C[C@H](O)[C@@]1([H])[C@@]2([H])CCC2=CC(=O)CC[C@]12C,Yes,|substrate|inhibitor|,
Mannitol,OC[C@@H](O)[C@@H](O)[C@H](O)[C@H](O)CO,Yes,|substrate|,
Scopolamine,CN1[C@H]2C[C@@H](C[C@@H]1[C@H]1O[C@@H]21)OC(=O)[C@H](CO)C1=CC=CC=C1,Yes,|inhibitor|,
Epinastine,NC1=NCC2N1C1=CC=CC=C1CC1=CC=CC=C21,Yes,|substrate|,
Clopidogrel,[H][C@@](N1CCC2=C(C1)C=CS2)(C(=O)OC)C1=CC=CC=C1Cl,Yes,|substrate|,
Irinotecan,CCC1=C2CN3C(=CC4=C(COC(=O)[C@]4(O)CC)C3=O)C2=NC2=C1C=C(OC(=O)N1CCC(CC1)N1CCCCC1)C=C2,Yes,|substrate|,
Etoposide,[H][C@]12COC(=O)[C@]1([H])[C@H](C1=CC(OC)=C(O)C(OC)=C1)C1=CC3=C(OCO3)C=C1[C@H]2O[C@@H]1O[C@]2([H])CO[C@@H](C)O[C@@]2([H])[C@H](O)[C@H]1O,Yes,|substrate|inhibitor|,
Estradiol,[H][C@@]12CC[C@H](O)[C@@]1(C)CC[C@]1([H])C3=C(CC[C@@]21[H])C=C(O)C=C3,Yes,|substrate|,
Perindopril,[H][C@]12C[C@H](N(C(=O)[C@H](C)N[C@@H](CCC)C(=O)OCC)[C@@]1([H])CCCC2)C(O)=O,Yes,|inhibitor|,
Candesartan cilexetil,CCOC1=NC2=C(N1CC1=CC=C(C=C1)C1=CC=CC=C1C1=NN=NN1)C(=CC=C2)C(=O)OC(C)OC(=O)OC1CCCCC1,Yes,|inhibitor|,
Alfentanil,CCN1N=NN(CCN2CCC(COC)(CC2)N(C(=O)CC)C2=CC=CC=C2)C1=O,Yes,|inhibitor|,
Biperiden,OC(CCN1CCCCC1)(C1CC2CC1C=C2)C1=CC=CC=C1,Yes,|inhibitor|,
Fentanyl,CCC(=O)N(C1CCN(CCC2=CC=CC=C2)CC1)C1=CC=CC=C1,Yes,|inhibitor|,
Diazepam,CN1C2=C(C=C(Cl)C=C2)C(=NCC1=O)C1=CC=CC=C1,Yes,|substrate|,
Trifluoperazine,CN1CCN(CCCN2C3=CC=CC=C3SC3=C2C=C(C=C3)C(F)(F)F)CC1,Yes,|inhibitor|,
Mifepristone,[H][C@@]12CC[C@@](O)(C#CC)[C@@]1(C)C[C@H](C1=CC=C(C=C1)N(C)C)C1=C3CCC(=O)C=C3CC[C@@]21[H],Yes,|inhibitor|inducer|,
Loperamide,CN(C)C(=O)C(CCN1CCC(O)(CC1)C1=CC=C(Cl)C=C1)(C1=CC=CC=C1)C1=CC=CC=C1,Yes,|substrate|inhibitor|,
Clofazimine,CC(C)N=C1C=C2N(C3=CC=C(Cl)C=C3)C3=C(C=CC=C3)N=C2C=C1NC1=CC=C(Cl)C=C1,Yes,|inhibitor|,
Prednisolone,[H][C@@]12CC[C@](O)(C(=O)CO)[C@@]1(C)C[C@H](O)[C@@]1([H])[C@@]2([H])CCC2=CC(=O)C=C[C@]12C,Yes,|substrate|,
Ranitidine,CN\C(NCCSCC1=CC=C(CN(C)C)O1)=C/[N+]([O-])=O,Yes,|substrate|inhibitor|,
Tacrolimus,CO[C@@H]1C[C@@H](CC[C@H]1O)\C=C(/C)[C@H]1OC(=O)[C@@H]2CCCCN2C(=O)C(=O)[C@]2(O)O[C@@H]([C@H](C[C@H]2C)OC)[C@H](C[C@@H](C)C\C(C)=C\[C@@H](CC=C)C(=O)C[C@H](O)[C@H]1C)OC,Yes,|substrate|inhibitor|inducer|,
Flupentixol,[H]\C(CCN1CCN(CCO)CC1)=C1/C2=CC=CC=C2SC2=C1C=C(C=C2)C(F)(F)F,Yes,|inhibitor|,
Sirolimus,[H][C@@]1(C[C@@H](C)[C@]2([H])CC(=O)[C@H](C)\C=C(C)\[C@@H](O)[C@@H](OC)C(=O)[C@H](C)C[C@H](C)\C=C\C=C\C=C(C)\[C@H](C[C@]3([H])CC[C@@H](C)[C@@](O)(O3)C(=O)C(=O)N3CCCC[C@@]3([H])C(=O)O2)OC)CC[C@@H](O)[C@@H](C1)OC,Yes,|inhibitor|inducer|,
Clomifene,CCN(CC)CCOC1=CC=C(C=C1)C(=C(Cl)C1=CC=CC=C1)C1=CC=CC=C1,Yes,|substrate|,
Quinidine,[H][C@@]12CCN(C[C@@H]1C=C)[C@]([H])(C2)[C@@H](O)C1=C2C=C(OC)C=CC2=NC=C1,Yes,|substrate|inhibitor|,
Amantadine,NC12CC3CC(CC(C3)C1)C2,Yes,|inhibitor|,
Buprenorphine,CO[C@]12CC[C@@]3(C[C@@H]1[C@](C)(O)C(C)(C)C)[C@H]1CC4=C5C(O[C@@H]2[C@@]35CCN1CC1CC1)=C(O)C=C4,Yes,|inhibitor|,
Maprotiline,CNCCCC12CCC(C3=CC=CC=C13)C1=CC=CC=C21,Yes,|inhibitor|,
Salicylic acid,OC(=O)C1=CC=CC=C1O,Yes,|substrate|,
Acetylsalicylic acid,CC(=O)OC1=CC=CC=C1C(O)=O,Yes,|substrate|,
Fexofenadine,CC(C)(C(O)=O)C1=CC=C(C=C1)C(O)CCCN1CCC(CC1)C(O)(C1=CC=CC=C1)C1=CC=CC=C1,Yes,|substrate|inhibitor|,
Methylprednisolone,[H][C@@]12CC[C@](O)(C(=O)CO)[C@@]1(C)C[C@H](O)[C@@]1([H])[C@@]2([H])C[C@H](C)C2=CC(=O)C=C[C@]12C,Yes,|substrate|,
Telmisartan,CCCC1=NC2=C(C=C(C=C2C)C2=NC3=CC=CC=C3N2C)N1CC1=CC=C(C=C1)C1=CC=CC=C1C(O)=O,Yes,|inhibitor|,
Desloratadine,ClC1=CC2=C(C=C1)C(=C1CCNCC1)C1=C(CC2)C=CC=N1,Yes,|inhibitor|,
Dactinomycin,[H][C@@]12CCCN1C(=O)[C@H](NC(=O)[C@@H](NC(=O)C1=C3N=C4C(OC3=C(C)C=C1)=C(C)C(=O)C(N)=C4C(=O)N[C@H]1[C@@H](C)OC(=O)[C@H](C(C)C)N(C)C(=O)CN(C)C(=O)[C@]3([H])CCCN3C(=O)[C@H](NC1=O)C(C)C)[C@@H](C)OC(=O)[C@H](C(C)C)N(C)C(=O)CN(C)C2=O)C(C)C,Yes,|substrate|inhibitor|,
Azelastine,CN1CCCC(CC1)N1N=C(CC2=CC=C(Cl)C=C2)C2=CC=CC=C2C1=O,Yes,|inhibitor|,
Ezetimibe,O[C@@H](CC[C@@H]1[C@H](N(C1=O)C1=CC=C(F)C=C1)C1=CC=C(O)C=C1)C1=CC=C(F)C=C1,Yes,|substrate|,
Dipyridamole,OCCN(CCO)C1=NC2=C(N=C(N=C2N2CCCCC2)N(CCO)CCO)C(=N1)N1CCCCC1,Yes,|substrate|inhibitor|,
Ethinyl Estradiol,[H][C@@]12CC[C@@](O)(C#C)[C@@]1(C)CC[C@]1([H])C3=C(CC[C@@]21[H])C=C(O)C=C3,Yes,|substrate|,
Doxorubicin,COC1=CC=CC2=C1C(=O)C1=C(O)C3=C(C[C@](O)(C[C@@H]3O[C@H]3C[C@H](N)[C@H](O)[C@H](C)O3)C(=O)CO)C(O)=C1C2=O,Yes,|substrate|inhibitor|inducer|,
Glyburide,COC1=C(C=C(Cl)C=C1)C(=O)NCCC1=CC=C(C=C1)S(=O)(=O)NC(=O)NC1CCCCC1,Yes,|inhibitor|,
Felodipine,CCOC(=O)C1=C(C)NC(C)=C(C1C1=C(Cl)C(Cl)=CC=C1)C(=O)OC,Yes,|inhibitor|,
Ketoconazole,CC(=O)N1CCN(CC1)C1=CC=C(OCC2COC(CN3C=CN=C3)(O2)C2=CC=C(Cl)C=C2Cl)C=C1,Yes,|substrate|inhibitor|,
Topotecan,CC[C@@]1(O)C(=O)OCC2=C1C=C1N(CC3=CC4=C(C=CC(O)=C4CN(C)C)N=C13)C2=O,Yes,|substrate|,
Probenecid,CCCN(CCC)S(=O)(=O)C1=CC=C(C=C1)C(O)=O,Yes,|inhibitor|,
Selegiline,C[C@H](CC1=CC=CC=C1)N(C)CC#C,Yes,|inhibitor|,
Rifampicin,CO[C@H]1\C=C\O[C@@]2(C)OC3=C(C2=O)C2=C(O)C(\C=N\N4CCN(C)CC4)=C(NC(=O)\C(C)=C/C=C/[C@H](C)[C@H](O)[C@@H](C)[C@@H](O)[C@@H](C)[C@H](OC(C)=O)[C@@H]1C)C(O)=C2C(O)=C3C,Yes,|substrate|inhibitor|inducer|,
Ibuprofen,CC(C)CC1=CC=C(C=C1)C(C)C(O)=O,Yes,|substrate|,
Nitrendipine,CCOC(=O)C1=C(C)NC(C)=C(C1C1=CC(=CC=C1)[N+]([O-])=O)C(=O)OC,Yes,|inhibitor|,
Promethazine,CC(CN1C2=CC=CC=C2SC2=CC=CC=C12)N(C)C,Yes,|inhibitor|,
Atazanavir,COC(=O)N[C@H](C(=O)N[C@@H](CC1=CC=CC=C1)[C@@H](O)CN(CC1=CC=C(C=C1)C1=CC=CC=N1)NC(=O)[C@@H](NC(=O)OC)C(C)(C)C)C(C)(C)C,Yes,|substrate|inhibitor|,
Atorvastatin,CC(C)C1=C(C(=O)NC2=CC=CC=C2)C(=C(N1CC[C@@H](O)C[C@@H](O)CC(O)=O)C1=CC=C(F)C=C1)C1=CC=CC=C1,Yes,|inhibitor|,
Benzocaine,CCOC(=O)C1=CC=C(N)C=C1,Yes,|inhibitor|,
Pimozide,FC1=CC=C(C=C1)C(CCCN1CCC(CC1)N1C(=O)NC2=CC=CC=C12)C1=CC=C(F)C=C1,Yes,|inhibitor|,
Quinacrine,CCN(CC)CCCC(C)NC1=C2C=C(OC)C=CC2=NC2=C1C=CC(Cl)=C2,Yes,|inhibitor|,
Sertraline,CN[C@H]1CC[C@@H](C2=CC(Cl)=C(Cl)C=C2)C2=CC=CC=C12,Yes,|inhibitor|,
Miconazole,ClC1=CC(Cl)=C(COC(CN2C=CN=C2)C2=C(Cl)C=C(Cl)C=C2)C=C1,Yes,|inhibitor|,
Nifedipine,COC(=O)C1=C(C)NC(C)=C(C1C1=CC=CC=C1[N+]([O-])=O)C(=O)OC,Yes,|substrate|inhibitor|inducer|,
Amiodarone,CCCCC1=C(C(=O)C2=CC(I)=C(OCCN(CC)CC)C(I)=C2)C2=CC=CC=C2O1,Yes,|inhibitor|inducer|,
Carvedilol,COC1=CC=CC=C1OCCNCC(O)COC1=CC=CC2=C1C1=CC=CC=C1N2,Yes,|inhibitor|,
Levofloxacin,C[C@H]1COC2=C3N1C=C(C(O)=O)C(=O)C3=CC(F)=C2N1CCN(C)CC1,Yes,|substrate|inhibitor|,
Sulfinpyrazone,O=C1C(CCS(=O)C2=CC=CC=C2)C(=O)N(N1C1=CC=CC=C1)C1=CC=CC=C1,Yes,|inhibitor|,
Doxepin,[H]C(CCN(C)C)=C1C2=CC=CC=C2COC2=CC=CC=C12,Yes,|inhibitor|,
Nefazodone,CCC1=NN(CCCN2CCN(CC2)C2=CC(Cl)=CC=C2)C(=O)N1CCOC1=CC=CC=C1,No,|inducer|,
Desipramine,CNCCCN1C2=CC=CC=C2CCC2=CC=CC=C12,Yes,|inhibitor|,
Terazosin,COC1=C(OC)C=C2C(N)=NC(=NC2=C1)N1CCN(CC1)C(=O)C1CCCO1,Yes,|inhibitor|,
Itraconazole,CCC(C)N1N=CN(C1=O)C1=CC=C(C=C1)N1CCN(CC1)C1=CC=C(OC[C@H]2CO[C@@](CN3C=NC=N3)(O2)C2=C(Cl)C=C(Cl)C=C2)C=C1,Yes,|inhibitor|,
Arsenic trioxide,O=[As]O[As]=O,Yes,|substrate|,
Phenobarbital,CCC1(C(=O)NC(=O)NC1=O)C1=CC=CC=C1,Yes,|substrate|inducer|,
Propafenone,CCCNCC(O)COC1=CC=CC=C1C(=O)CCC1=CC=CC=C1,Yes,|inhibitor|,
Naloxone,OC1=CC=C2C[C@H]3N(CC=C)CC[C@@]45[C@@H](OC1=C24)C(=O)CC[C@@]35O,Yes,|substrate|,
Domperidone,ClC1=CC2=C(C=C1)N(C1CCN(CCCN3C(=O)NC4=CC=CC=C34)CC1)C(=O)N2,Yes,|substrate|,
Acebutolol,CCCC(=O)NC1=CC(C(C)=O)=C(OCC(O)CNC(C)C)C=C1,Yes,|substrate|,
Estramustine,[H][C@@]12CC[C@H](O)[C@@]1(C)CC[C@]1([H])C3=CC=C(OC(=O)N(CCCl)CCCl)C=C3CC[C@@]21[H],Yes,|inhibitor|,
Captopril,C[C@H](CS)C(=O)N1CCC[C@H]1C(O)=O,Yes,|inhibitor|,
Bromocriptine,[H][C@@]12CCCN1C(=O)[C@H](CC(C)C)N1C(=O)[C@](NC(=O)[C@H]3CN(C)[C@]4([H])CC5=C(Br)NC6=CC=CC(=C56)C4=C3)(O[C@@]21O)C(C)C,Yes,|substrate|inhibitor|,
Levetiracetam,CC[C@H](N1CCCC1=O)C(N)=O,Yes,|substrate|,
Nadolol,CC(C)(C)NCC(O)COC1=CC=CC2=C1C[C@H](O)[C@H](O)C2,Yes,|substrate|,
Mitoxantrone,OCCNCCNC1=C2C(=O)C3=C(O)C=CC(O)=C3C(=O)C2=C(NCCNCCO)C=C1,Yes,|substrate|inhibitor|inducer|,
Sparfloxacin,C[C@H]1CN(C[C@@H](C)N1)C1=C(F)C(N)=C2C(=O)C(=CN(C3CC3)C2=C1F)C(O)=O,Yes,|substrate|,
Clarithromycin,[H][C@@]1(C[C@@](C)(OC)[C@@H](O)[C@H](C)O1)O[C@H]1[C@H](C)[C@@H](O[C@]2([H])O[C@H](C)C[C@@H]([C@H]2O)N(C)C)[C@@](C)(C[C@@H](C)C(=O)[C@H](C)[C@@H](O)[C@](C)(O)[C@@H](CC)OC(=O)[C@@H]1C)OC,Yes,|substrate|inhibitor|,
Ketamine,CNC1(CCCCC1=O)C1=CC=CC=C1Cl,Yes,|inhibitor|,
Quetiapine,OCCOCCN1CCN(CC1)C1=NC2=CC=CC=C2SC2=CC=CC=C12,Yes,|substrate|,
Paclitaxel,[H][C@]12[C@H](OC(=O)C3=CC=CC=C3)[C@]3(O)C[C@H](OC(=O)[C@H](O)[C@@H](NC(=O)C4=CC=CC=C4)C4=CC=CC=C4)C(C)=C([C@@H](OC(C)=O)C(=O)[C@]1(C)[C@@H](O)C[C@H]1OC[C@@]21OC(C)=O)C3(C)C,Yes,|substrate|inhibitor|,
Saquinavir,[H][C@@](O)(CN1C[C@@]2([H])CCCC[C@@]2([H])C[C@@]1([H])C(O)=NC(C)(C)C)[C@]([H])(CC1=CC=CC=C1)N=C(O)[C@]([H])(CC(O)=N)NC(=O)C1=NC2=CC=CC=C2C=C1,Yes,|substrate|inhibitor|inducer|,
Dexamethasone,[H][C@@]12C[C@@H](C)[C@](O)(C(=O)CO)[C@@]1(C)C[C@H](O)[C@@]1(F)[C@@]2([H])CCC2=CC(=O)C=C[C@]12C,Yes,|substrate|inhibitor|inducer|,
Chlorprothixene,[H]C(CCN(C)C)=C1C2=CC(Cl)=CC=C2SC2=C1C=CC=C2,Yes,|inhibitor|,
Clomipramine,CN(C)CCCN1C2=CC=CC=C2CCC2=C1C=C(Cl)C=C2,Yes,|inhibitor|,
Bepridil,CC(C)COCC(CN(CC1=CC=CC=C1)C1=CC=CC=C1)N1CCCC1,Yes,|inhibitor|,
Docetaxel,[H][C@@]12C[C@H](O)[C@@]3(C)C(=O)[C@H](O)C4=C(C)[C@H](C[C@@](O)([C@@H](OC(=O)C5=CC=CC=C5)[C@]3([H])[C@@]1(CO2)OC(C)=O)C4(C)C)OC(=O)[C@H](O)[C@@H](NC(=O)OC(C)(C)C)C1=CC=CC=C1,Yes,|substrate|,
Ergonovine,[H][C@@]12CC3=CNC4=CC=CC(=C34)C1=C[C@H](CN2C)C(=O)N[C@@H](C)CO,Yes,|inhibitor|,
Dasatinib,CC1=NC(NC2=NC=C(S2)C(=O)NC2=C(C)C=CC=C2Cl)=CC(=N1)N1CCN(CCO)CC1,Yes,|substrate|inhibitor|,
Lapatinib,CS(=O)(=O)CCNCC1=CC=C(O1)C1=CC2=C(C=C1)N=CN=C2NC1=CC(Cl)=C(OCC2=CC(F)=CC=C2)C=C1,Yes,|inhibitor|,
Sitagliptin,N[C@@H](CC(=O)N1CCN2C(C1)=NN=C2C(F)(F)F)CC1=CC(F)=C(F)C=C1F,Yes,|substrate|,
Posaconazole,[H][C@@](C)(O)[C@]([H])(CC)N1N=CN(C1=O)C1=CC=C(C=C1)N1CCN(CC1)C1=CC=C(OC[C@]2([H])CO[C@](CN3C=NC=N3)(C2)C2=C(F)C=C(F)C=C2)C=C1,Yes,|inhibitor|,
Sunitinib,CCN(CC)CCNC(=O)C1=C(C)NC(\C=C2/C(=O)NC3=C2C=C(F)C=C3)=C1C,Yes,|inhibitor|,
Vecuronium,[H][C@@]12C[C@@H]([C@H](OC(C)=O)[C@@]1(C)CC[C@@]1([H])[C@@]2([H])CC[C@@]2([H])C[C@H](OC(C)=O)[C@H](C[C@]12C)N1CCCCC1)[N+]1(C)CCCCC1,Yes,|substrate|,
Cilazapril,CCOC(=O)[C@H](CCC1=CC=CC=C1)N[C@H]1CCCN2CCC[C@H](N2C1=O)C(O)=O,Yes,|inhibitor|,
Mibefradil,COCC(=O)O[C@]1(CCN(C)CCCC2=NC3=CC=CC=C3N2)CCC2=C(C=CC(F)=C2)[C@@H]1C(C)C,Yes,|inhibitor|,
Colchicine,COC1=CC2=C(C(OC)=C1OC)C1=CC=C(OC)C(=O)C=C1C(CC2)NC(C)=O,Yes,|substrate|inhibitor|,
Digitoxin,[H][C@]12CC[C@]3([H])[C@]([H])(CC[C@]4(C)[C@H](CC[C@]34O)C3=CC(=O)OC3)[C@@]1(C)CC[C@@H](C2)O[C@H]1C[C@H](O)[C@H](O[C@H]2C[C@H](O)[C@H](O[C@H]3C[C@H](O)[C@H](O)[C@@H](C)O3)[C@@H](C)O2)[C@@H](C)O1,Yes,|substrate|,
Neostigmine,CN(C)C(=O)OC1=CC(=CC=C1)[N+](C)(C)C,Yes,|inhibitor|,
Liotrix,[Na+].[Na+].N[C@@H](CC1=CC(I)=C(OC2=CC(I)=C(O)C=C2)C(I)=C1)C([O-])=O.N[C@@H](CC1=CC(I)=C(OC2=CC(I)=C(O)C(I)=C2)C(I)=C1)C([O-])=O,No,|inducer|,
Ketazolam,CN1C2=C(C=C(Cl)C=C2)C2(OC(C)=CC(=O)N2CC1=O)C1=CC=CC=C1,Yes,|substrate|,
Nitrazepam,[O-][N+](=O)C1=CC2=C(NC(=O)CN=C2C2=CC=CC=C2)C=C1,Yes,|inhibitor|,
Lopinavir,CC(C)[C@H](N1CCCNC1=O)C(=O)N[C@H](C[C@H](O)[C@H](CC1=CC=CC=C1)NC(=O)COC1=C(C)C=CC=C1C)CC1=CC=CC=C1,Yes,|inhibitor|,
Genistein,OC1=CC=C(C=C1)C1=COC2=C(C(O)=CC(O)=C2)C1=O,Yes,|inhibitor|,
Staurosporine,[H][C@]1(C[C@@]2([H])O[C@](C)(N3C4=CC=CC=C4C4=C5CNC(=O)C5=C5C6=CC=CC=C6N2C5=C34)[C@]1([H])OC)NC,Yes,|inhibitor|,
Platelet Activating Factor,CCCCCCCCCCCCCCCCOC[C@H](CO[P@@]([O-])(=O)OCC[N+](C)(C)C)OC(C)=O,No,|inducer|,
Colforsin,[H][C@]1(O)CCC(C)(C)[C@]2([H])[C@]([H])(O)[C@]([H])(OC(C)=O)[C@@]3(C)O[C@](C)(CC(=O)[C@]3(O)[C@@]12C)C=C,Yes,|inhibitor|,
Cholic Acid,[H][C@@](C)(CCC(O)=O)[C@@]1([H])CC[C@@]2([H])[C@]3([H])[C@]([H])(O)C[C@]4([H])C[C@]([H])(O)CC[C@]4(C)[C@@]3([H])C[C@]([H])(O)[C@]12C,No,|inducer|,
Dihydrotestosterone,[H][C@@]12CC[C@H](O)[C@@]1(C)CC[C@@]1([H])[C@@]2([H])CC[C@@]2([H])CC(=O)CC[C@]12C,Yes,|substrate|,
Sphingosine,[H]\C(CCCCCCCCCCCCC)=C(\[H])[C@@]([H])(O)[C@@]([H])(N)CO,Yes,|substrate|,
Naringenin,[H][C@]1(CC(=O)C2=C(O1)C=C(O)C=C2O)C1=CC=C(O)C=C1,Yes,|inhibitor|,
Palmitic Acid,CCCCCCCCCCCCCCCC(O)=O,Yes,|inhibitor|,
Quercetin,OC1=CC2=C(C(O)=C1)C(=O)C(O)=C(O2)C1=CC=C(O)C(O)=C1,Yes,|inhibitor|,
Taurocholic Acid,[H][C@@]1(CC[C@@]2([H])[C@]3([H])[C@H](O)C[C@]4([H])C[C@H](O)CC[C@]4(C)[C@@]3([H])C[C@H](O)[C@]12C)[C@H](C)CCC(=O)NCCS(O)(=O)=O,Yes,|substrate|inhibitor|,
P-Nitrophenol,OC1=CC=C(C=C1)[N+]([O-])=O,Yes,|inhibitor|,
Cholesterol,[H][C@@](C)(CCCC(C)C)[C@@]1([H])CC[C@@]2([H])[C@]3([H])CC=C4C[C@@]([H])(O)CC[C@]4(C)[C@@]3([H])CC[C@]12C,Yes,|inhibitor|,
Estriol,[H][C@@]12C[C@@H](O)[C@H](O)[C@@]1(C)CC[C@]1([H])C3=C(CC[C@@]21[H])C=C(O)C=C3,Yes,|substrate|inducer|,
Aldosterone,[H][C@@]1(CC[C@@]2([H])[C@]3([H])CCC4=CC(=O)CC[C@]4(C)[C@@]3([H])[C@@]([H])(O)C[C@]12C=O)C(=O)CO,Yes,|substrate|inducer|,
Camptothecin,CC[C@@]1(O)C(=O)OCC2=C1C=C1N(CC3=CC4=CC=CC=C4N=C13)C2=O,Yes,|substrate|,
Zimelidine,CN(C)CC=C(C1=CC=C(Br)C=C1)C1=CN=CC=C1,Yes,|inhibitor|,
Debrisoquin,NC(=N)N1CCC2=CC=CC=C2C1,Yes,|substrate|,
Dronedarone,CCCCN(CCCC)CCCOC1=CC=C(C=C1)C(=O)C1=C(CCCC)OC2=C1C=C(NS(C)(=O)=O)C=C2,Yes,|inhibitor|,
Nilotinib,CC1=CN(C=N1)C1=CC(=CC(NC(=O)C2=CC(NC3=NC=CC(=N3)C3=CN=CC=C3)=C(C)C=C2)=C1)C(F)(F)F,Yes,|substrate|inhibitor|,
Belinostat,ONC(=O)\C=C\C1=CC=CC(=C1)S(=O)(=O)NC1=CC=CC=C1,Yes,|substrate|,
Indacaterol,CCC1=C(CC)C=C2CC(CC2=C1)NC[C@H](O)C1=C2C=CC(=O)NC2=C(O)C=C1,Yes,|substrate|,
Telaprevir,[H][C@@]12CCC[C@]1([H])[C@H](N(C2)C(=O)[C@@H](NC(=O)[C@@H](NC(=O)C1=NC=CN=C1)C1CCCCC1)C(C)(C)C)C(=O)N[C@@H](CCC)C(=O)C(=O)NC1CC1,Yes,|substrate|inhibitor|,
Romidepsin,[H]\C(C)=C1\N=C(O)[C@@]2([H])CSSCCC([H])=C([H])[C@]([H])(CC(O)=N[C@]([H])(C(C)C)C(O)=N2)OC(=O)[C@@]([H])(N=C1O)C(C)C,Yes,|substrate|,
Silodosin,C[C@H](CC1=CC2=C(N(CCCO)CC2)C(=C1)C(N)=O)NCCOC1=CC=CC=C1OCC(F)(F)F,Yes,|substrate|,
Tolvaptan,CC1=CC=CC=C1C(=O)NC1=CC(C)=C(C=C1)C(=O)N1CCC[C@@H](O)C2=C1C=CC(Cl)=C2,Yes,|substrate|inhibitor|,
Rivaroxaban,ClC1=CC=C(S1)C(=O)NC[C@H]1CN(C(=O)O1)C1=CC=C(C=C1)N1CCOCC1=O,Yes,|substrate|,
Temsirolimus,OCC(C)(CO)C(=O)O[C@@H]1CC[C@@H](C[C@@H](C)[C@]2([H])CC(=O)[C@H](C)\C=C(C)\[C@@H](O)[C@@H](OC)C(=O)[C@H](C)C[C@H](C)\C=C\C=C\C=C(C)\[C@@H](OC)C[C@]3([H])CC[C@@H](C)[C@@](O)(O3)C(=O)C(=O)N3CCCC[C@H]3C(=O)O2)C[C@H]1OC,Yes,|substrate|inhibitor|,
Simeprevir,[H]\C1=C([H])\[C@]2([H])C[C@]2(N=C(O)[C@]2([H])C[C@]([H])(C[C@@]2([H])C(=O)N(C)CCCC1)OC1=C2C=CC(OC)=C(C)C2=NC(=C1)C1=NC(=CS1)C(C)C)C(O)=NS(=O)(=O)C1CC1,Yes,|substrate|inhibitor|,
Dapagliflozin,CCOC1=CC=C(CC2=C(Cl)C=CC(=C2)[C@@H]2O[C@H](CO)[C@@H](O)[C@H](O)[C@H]2O)C=C1,Yes,|substrate|,
Ambrisentan,COC([C@H](OC1=NC(C)=CC(C)=N1)C(O)=O)(C1=CC=CC=C1)C1=CC=CC=C1,Yes,|substrate|,
Etravirine,CC1=CC(=CC(C)=C1OC1=C(Br)C(N)=NC(NC2=CC=C(C=C2)C#N)=N1)C#N,Yes,|inhibitor|,
Pazopanib,CN(C1=CC2=NN(C)C(C)=C2C=C1)C1=CC=NC(NC2=CC=C(C)C(=C2)S(N)(=O)=O)=N1,Yes,|substrate|,
Panobinostat,[H]\C(=C(\[H])C1=CC=C(CNCCC2=C(C)NC3=CC=CC=C23)C=C1)C(O)=NO,Yes,|substrate|,
Apixaban,COC1=CC=C(C=C1)N1N=C(C(N)=O)C2=C1C(=O)N(CC2)C1=CC=C(C=C1)N1CCCCC1=O,Yes,|substrate|,
Bosutinib,COC1=CC(NC2=C(C=NC3=CC(OCCCN4CCN(C)CC4)=C(OC)C=C23)C#N)=C(Cl)C=C1Cl,Yes,|substrate|inhibitor|,
Axitinib,[H]\C(=C(\[H])C1=CC=CC=N1)C1=C2C=CC(SC3=CC=CC=C3C(O)=NC)=CC2=NN1,Yes,|substrate|,
Isavuconazonium,[H]C(C)(OC(=O)N(C)C1=C(COC(=O)CNC)C=CC=N1)[N+]1=CN(C[C@](O)(C2=C(F)C=CC(F)=C2)[C@@]([H])(C)C2=NC(=CS2)C2=CC=C(C=C2)C#N)N=C1,Yes,|inhibitor|,
Dabigatran etexilate,CCCCCCOC(=O)N=C(N)C1=CC=C(NCC2=NC3=C(C=CC(=C3)C(=O)N(CCC(=O)OCC)C3=CC=CC=N3)N2C)C=C1,Yes,|substrate|,
Fesoterodine,CC(C)N(CC[C@H](C1=CC=CC=C1)C1=C(OC(=O)C(C)C)C=CC(CO)=C1)C(C)C,Yes,|substrate|,
Cabazitaxel,[H][C@@](O)([C@@H](NC(=O)OC(C)(C)C)C1=CC=CC=C1)C(=O)O[C@@]1([H])C[C@@]2(O)[C@@]([H])(OC(=O)C3=CC=CC=C3)[C@]3([H])[C@@]4(CO[C@]4([H])C[C@]([H])(OC)[C@@]3(C)C(=O)[C@]([H])(OC)C(=C1C)C2(C)C)OC(C)=O,Yes,|substrate|inhibitor|,
Ticagrelor,CCCSC1=NC2=C(N=NN2[C@@H]2C[C@H](OCCO)[C@@H](O)[C@H]2O)C(N[C@@H]2C[C@H]2C2=CC(F)=C(F)C=C2)=N1,Yes,|substrate|inhibitor|,
Ivacaftor,CC(C)(C)C1=CC(=C(O)C=C1NC(=O)C1=CNC2=CC=CC=C2C1=O)C(C)(C)C,Yes,|inhibitor|,
Lomitapide,FC(F)(F)CNC(=O)C1(CCCCN2CCC(CC2)NC(=O)C2=C(C=CC=C2)C2=CC=C(C=C2)C(F)(F)F)C2=CC=CC=C2C2=CC=CC=C12,Yes,|inhibitor|,
Vismodegib,CS(=O)(=O)C1=CC(Cl)=C(C=C1)C(=O)NC1=CC=C(Cl)C(=C1)C1=CC=CC=N1,Yes,|substrate|,
Pitavastatin,O[C@H](C[C@H](O)\C=C\C1=C(N=C2C=CC=CC2=C1C1=CC=C(F)C=C1)C1CC1)CC(O)=O,Yes,|substrate|,
Rilpivirine,CC1=CC(\C=C\C#N)=CC(C)=C1NC1=CC=NC(NC2=CC=C(C=C2)C#N)=N1,Yes,|inhibitor|,
Crizotinib,C[C@@H](OC1=CC(=CN=C1N)C1=CN(N=C1)C1CCNCC1)C1=C(Cl)C=CC(F)=C1Cl,Yes,|substrate|inhibitor|,
Ulipristal,CN(C)C1=CC=C(C=C1)[C@H]1C[C@@]2(C)[C@@H](CC[C@]2(O)C(C)=O)[C@@H]2CCC3=CC(=O)CCC3=C12,Yes,|substrate|,
Boceprevir,[H][C@]12CN([C@H](C(=O)NC(CC3CCC3)C(=O)C(N)=O)[C@@]1([H])C2(C)C)C(=O)[C@@H](NC(=O)NC(C)(C)C)C(C)(C)C,Yes,|inhibitor|,
Fidaxomicin,CC[C@H]1\C=C(C)\[C@@H](O)C\C=C\C=C(CO[C@@H]2O[C@H](C)[C@@H](OC(=O)C3=C(CC)C(Cl)=C(O)C(Cl)=C3O)[C@H](O)[C@@H]2OC)\C(=O)OC(C\C=C(/C)\C=C(C)\[C@@H]1O[C@@H]1OC(C)(C)[C@@H](OC(=O)C(C)C)[C@H](O)[C@@H]1O)[C@@H](C)O,Yes,|substrate|inhibitor|,
Linagliptin,CC#CCN1C(=NC2=C1C(=O)N(CC1=NC3=C(C=CC=C3)C(C)=N1)C(=O)N2C)N1CCC[C@@H](N)C1,Yes,|substrate|,
Carfilzomib,CC(C)C[C@H](NC(=O)[C@H](CCC1=CC=CC=C1)NC(=O)CN1CCOCC1)C(=O)N[C@@H](CC1=CC=CC=C1)C(=O)N[C@@H](CC(C)C)C(=O)[C@@]1(C)CO1,Yes,|substrate|,
Mirabegron,NC1=NC(CC(=O)NC2=CC=C(CCNC[C@H](O)C3=CC=CC=C3)C=C2)=CS1,Yes,|substrate|,
Regorafenib,CNC(=O)C1=CC(OC2=CC(F)=C(NC(=O)NC3=CC=C(Cl)C(=C3)C(F)(F)F)C=C2)=CC=N1,Yes,|inhibitor|,
Enzalutamide,CNC(=O)C1=C(F)C=C(C=C1)N1C(=S)N(C(=O)C1(C)C)C1=CC=C(C#N)C(=C1)C(F)(F)F,Yes,|inhibitor|,
Ponatinib,CN1CCN(CC2=CC=C(NC(=O)C3=CC(C#CC4=CN=C5C=CC=NN45)=C(C)C=C3)C=C2C(F)(F)F)CC1,Yes,|substrate|inhibitor|,
Fluticasone furoate,[H][C@@]12C[C@@H](C)[C@](OC(=O)C3=CC=CO3)(C(=O)SCF)[C@@]1(C)C[C@H](O)[C@@]1(F)[C@@]2([H])C[C@H](F)C2=CC(=O)C=C[C@]12C,Yes,|substrate|,
Canagliflozin,[H][C@]1(O[C@H](CO)[C@@H](O)[C@H](O)[C@H]1O)C1=CC=C(C)C(CC2=CC=C(S2)C2=CC=C(F)C=C2)=C1,Yes,|substrate|inhibitor|,
Pomalidomide,NC1=CC=CC2=C1C(=O)N(C1CCC(=O)NC1=O)C2=O,Yes,|substrate|,
Dabrafenib,CC(C)(C)C1=NC(=C(S1)C1=NC(N)=NC=C1)C1=C(F)C(NS(=O)(=O)C2=C(F)C=CC=C2F)=CC=C1,Yes,|substrate|,
Afatinib,CN(C)C\C=C\C(=O)NC1=C(O[C@H]2CCOC2)C=C2N=CN=C(NC3=CC(Cl)=C(F)C=C3)C2=C1,Yes,|substrate|inhibitor|,
Levomilnacipran,CCN(CC)C(=O)[C@]1(C[C@H]1CN)C1=CC=CC=C1,Yes,|substrate|,
Sofosbuvir,CC(C)OC(=O)[C@H](C)N[P@](=O)(OC[C@H]1O[C@@H](N2C=CC(=O)NC2=O)[C@](C)(F)[C@@H]1O)OC1=CC=CC=C1,Yes,|substrate|,
Ledipasvir,[H][C@](N=C(O)OC)(C(C)C)C(=O)N1CC2(CC2)C[C@@]1([H])C1=NC=C(N1)C1=CC2=C(C=C1)C1=C(C=C(C=C1)C1=CC3=C(C=C1)N=C(N3)[C@@]1([H])N(C(=O)[C@@]([H])(N=C(O)OC)C(C)C)[C@]3([H])CC[C@@]1([H])C3)C2(F)F,Yes,|transporter|,
Idelalisib,[H][C@@](CC)(NC1=NC=NC2=C1N=CN2)C1=NC2=CC=CC(F)=C2C(=O)N1C1=CC=CC=C1,Yes,|substrate|inhibitor|,
Ceritinib,CC(C)OC1=C(NC2=NC=C(Cl)C(N2)=NC2=CC=CC=C2S(=O)(=O)C(C)C)C=C(C)C(=C1)C1CCNCC1,Yes,|substrate|,
Cobicistat,CC(C)C1=NC(CN(C)C(=O)N[C@@H](CCN2CCOCC2)C(=O)N[C@H](CC[C@H](CC2=CC=CC=C2)NC(=O)OCC2=CN=CS2)CC2=CC=CC=C2)=CS1,Yes,|inhibitor|,
Edoxaban,CN(C)C(=O)[C@H]1CC[C@H](NC(=O)C(=O)NC2=NC=C(Cl)C=C2)[C@@H](C1)NC(=O)C1=NC2=C(CN(C)CC2)S1,Yes,|substrate|,
Umeclidinium,OC(C1=CC=CC=C1)(C1=CC=CC=C1)C12CC[N+](CCOCC3=CC=CC=C3)(CC1)CC2,Yes,|substrate|,
Lenvatinib,COC1=C(C=C2C(OC3=CC(Cl)=C(NC(O)=NC4CC4)C=C3)=CC=NC2=C1)C(O)=N,Yes,|substrate|,
Nintedanib,COC(=O)C1=CC2=C(C=C1)\C(=C(\NC1=CC=C(C=C1)N(C)C(=O)CN1CCN(C)CC1)C1=CC=CC=C1)C(O)=N2,Yes,|substrate|,
Daclatasvir,COC(=O)N[C@@H](C(C)C)C(=O)N1CCC[C@H]1C1=NC=C(N1)C1=CC=C(C=C1)C1=CC=C(C=C1)C1=CN=C(N1)[C@@H]1CCCN1C(=O)[C@@H](NC(=O)OC)C(C)C,Yes,|inhibitor|,
Technetium Tc-99m sestamibi,[Tc+].COC(C)(C)C[N+]#[C-].COC(C)(C)C[N+]#[C-].COC(C)(C)C[N+]#[C-].COC(C)(C)C[N+]#[C-].COC(C)(C)C[N+]#[C-].COC(C)(C)C[N+]#[C-],Yes,|substrate|,
Lobeglitazone,COC1=CC=C(OC2=NC=NC(=C2)N(C)CCOC2=CC=C(CC3SC(=O)NC3=O)C=C2)C=C1,Yes,|,
Ubidecarenone,COC1=C(OC)C(=O)C(C\C=C(/C)CC\C=C(/C)CC\C=C(/C)CC\C=C(/C)CC\C=C(/C)CC\C=C(/C)CC\C=C(/C)CC\C=C(/C)CC\C=C(/C)CCC=C(C)C)=C(C)C1=O,Yes,|substrate|,
Lumacaftor,CC1=CC=C(NC(=O)C2(CC2)C2=CC=C3OC(F)(F)OC3=C2)N=C1C1=CC(=CC=C1)C(O)=O,Yes,|inhibitor|inducer|,
Rolapitant,C[C@@H](OC[C@]1(CC[C@]2(CCC(=O)N2)CN1)C1=CC=CC=C1)C1=CC(=CC(=C1)C(F)(F)F)C(F)(F)F,Yes,|inhibitor|,
Ombitasvir,COC(=O)N[C@@H](C(C)C)C(=O)N1CCC[C@H]1C(=O)NC1=CC=C(C=C1)[C@@H]1CC[C@H](N1C1=CC=C(C=C1)C(C)(C)C)C1=CC=C(NC(=O)[C@@H]2CCCN2C(=O)[C@@H](NC(=O)OC)C(C)C)C=C1,Yes,|substrate|,
Osimertinib,COC1=C(NC2=NC=CC(=N2)C2=CN(C)C3=C2C=CC=C3)C=C(NC(=O)C=C)C(=C1)N(C)CCN(C)C,Yes,|substrate|,
Glycerin,OCC(O)CO,Yes,|inhibitor|,
Glycerin,OCC(O)CO,Yes,|inhibitor|,
Selexipag,CC(C)N(CCCCOCC(=O)NS(C)(=O)=O)C1=NC(C2=CC=CC=C2)=C(N=C1)C1=CC=CC=C1,Yes,|substrate|,
Elbasvir,COC(=O)N[C@@H](C(C)C)C(=O)N1CCC[C@H]1C1=NC(=CN1)C1=CC2=C(C=C1)N1[C@@H](OC3=C(C=CC(=C3)C3=CNC(=N3)[C@@H]3CCCN3C(=O)[C@@H](NC(=O)OC)C(C)C)C1=C2)C1=CC=CC=C1,Yes,|substrate|,
Grazoprevir,[H][C@@]12C[C@@]1([H])OC(O)=N[C@]([H])(C(=O)N1C[C@@]([H])(C[C@@]1([H])C(O)=N[C@@]1(C[C@@]1([H])C=C)C(O)=NS(=O)(=O)C1CC1)OC1=C(CCCCC2)N=C2C=CC(OC)=CC2=N1)C(C)(C)C,Yes,|substrate|,
Venetoclax,CC1(C)CCC(CN2CCN(CC2)C2=CC=C(C(=O)NS(=O)(=O)C3=CC=C(NCC4CCOCC4)C(=C3)[N+]([O-])=O)C(OC3=CN=C4NC=CC4=C3)=C2)=C(C1)C1=CC=C(Cl)C=C1,Yes,|substrate|,
Velpatasvir,[H][C@](N=C(O)OC)(C(C)C)C(=O)N1[C@@]([H])(C)CC[C@@]1([H])C1=NC2=C(N1)C1=CC3=C(C=C1C=C2)C1=C(CO3)C=C(C=C1)C1=CN=C(N1)[C@]1([H])C[C@]([H])(COC)CN1C(=O)[C@]([H])(N=C(O)OC)C1=CC=CC=C1,Yes,|substrate|inhibitor|,
Baricitinib,CCS(=O)(=O)N1CC(CC#N)(C1)N1C=C(C=N1)C1=C2C=CNC2=NC=N1,Yes,|substrate|,
Abemaciclib,CCN1CCN(CC2=CC=C(NC3=NC=C(F)C(=N3)C3=CC(F)=C4N=C(C)N(C(C)C)C4=C3)N=C2)CC1,Yes,|substrate|inhibitor|,
Voxilaprevir,CC[C@@H]1[C@@H]2CN([C@@H]1C(=O)N[C@@]1(C[C@H]1C(F)F)C(=O)NS(=O)(=O)C1(C)CC1)C(=O)[C@@H](NC(=O)O[C@@H]1C[C@H]1CCCCC(F)(F)C1=C(O2)N=C2C=C(OC)C=CC2=N1)C(C)(C)C,Yes,|substrate|inhibitor|,
Letermovir,COC1=CC=CC(=C1)N1CCN(CC1)C1=NC2=C(C=CC=C2F)[C@H](CC(O)=O)N1C1=CC(=CC=C1OC)C(F)(F)F,Yes,|substrate|inhibitor|,
Rucaparib,CNCC1=CC=C(C=C1)C1=C2CCNC(=O)C3=C2C(N1)=CC(F)=C3,Yes,|substrate|inhibitor|,
Betrixaban,COC1=CC=C(NC(=O)C2=CC=C(C=C2)C(=N)N(C)C)C(=C1)C(=O)NC1=CC=C(Cl)C=N1,Yes,|transporter|,
Copanlisib,COC1=C(OCCCN2CCOCC2)C=CC2=C1N=C(NC(=O)C1=CN=C(N)N=C1)N1CCN=C21,Yes,|substrate|,
Fluciclovine (18F),N[C@]1(C[C@H]([18F])C1)C(O)=O,Yes,|substrate|,
Troleandomycin,CO[C@H]1C[C@H](O[C@H]2[C@H](C)[C@@H](O[C@@H]3O[C@H](C)C[C@@H]([C@H]3OC(C)=O)N(C)C)[C@@H](C)C[C@@]3(CO3)C(=O)[C@H](C)[C@@H](OC(C)=O)[C@@H](C)[C@@H](C)OC(=O)[C@@H]2C)O[C@@H](C)[C@@H]1OC(C)=O,Yes,|inhibitor|,
Enasidenib,CC(C)(O)CNC1=NC(=NC(NC2=CC(=NC=C2)C(F)(F)F)=N1)C1=NC(=CC=C1)C(F)(F)F,Yes,|substrate|inhibitor|,
Pibrentasvir,[H][C@](C)(OC)[C@]([H])(N=C(O)OC)C(=O)N1CCC[C@@]1([H])C1=NC2=C(N1)C=C(F)C(=C2)[C@@]1([H])CC[C@@]([H])(N1C1=CC(F)=C(N2CCC(CC2)C2=CC=C(F)C=C2)C(F)=C1)C1=CC2=C(NC(=N2)[C@]2([H])CCCN2C(=O)[C@@]([H])(N=C(O)OC)[C@@]([H])(C)OC)C=C1F,Yes,|substrate|inhibitor|,
Glecaprevir,CC(C)(C)[C@@H]1NC(=O)O[C@@H]2CCC[C@H]2OC\C=C\C(F)(F)C2=NC3=C(C=CC=C3)N=C2O[C@@H]2C[C@H](N(C2)C1=O)C(=O)N[C@@]1(C[C@H]1C(F)F)C(=O)NS(=O)(=O)C1(C)CC1,Yes,|substrate|inhibitor|,
Candesartan,CCOC1=NC2=CC=CC(C(O)=O)=C2N1CC1=CC=C(C=C1)C1=CC=CC=C1C1=NN=NN1,Yes,|inhibitor|,
Acetyldigitoxin,[H][C@@]1(CC[C@]2(O)[C@]3([H])CC[C@]4([H])C[C@H](CC[C@]4(C)[C@@]3([H])CC[C@]12C)O[C@H]1C[C@H](O)[C@H](O[C@H]2C[C@H](O)[C@H](O[C@H]3C[C@H](OC(C)=O)[C@H](O)[C@@H](C)O3)[C@@H](C)O2)[C@@H](C)O1)C1=CC(=O)OC1,Yes,|substrate|,
Acrivastine,[H]\C(CN1CCCC1)=C(\C1=CC=C(C)C=C1)C1=CC=CC(=N1)C(\[H])=C(/[H])C(O)=O,Yes,|substrate|,
Bepredil,CC(C)COCC(CN(CC1=CC=CC=C1)C1=CC=CC=C1)N1CCCC1,Yes,|substrate|,
Bisantrene,C1NC(=NC1)N/N=C/C2=C3C(=C(C4=CC=CC=C24)/C=N/NC5=NCCN5)C=CC=C3,Yes,|substrate|,
Brompheniramine,CN(C)CCC(C1=CC=C(Br)C=C1)C1=CC=CC=N1,Yes,|substrate|,
Cefazolin,[H][C@]12SCC(CSC3=NN=C(C)S3)=C(N1C(=O)[C@H]2NC(=O)CN1C=NN=N1)C(O)=O,Yes,|substrate|,
Cefoperazone,[H][C@]12SCC(CSC3=NN=NN3C)=C(N1C(=O)[C@H]2NC(=O)C(NC(=O)N1CCN(CC)C(=O)C1=O)C1=CC=C(O)C=C1)C(O)=O,Yes,|substrate|,
Cepharanthine,CN1CCC2=CC3=C(C4=C2[C@@H]1CC5=CC=C(C=C5)OC6=C(C=CC(=C6)C[C@@H]7C8=CC(=C(C=C8CCN7C)OC)O4)OC)OCO3,Yes,|substrate|,
Cetirizine,OC(=O)COCCN1CCN(CC1)C(C1=CC=CC=C1)C1=CC=C(Cl)C=C1,Yes,|substrate|,
Cinchonidine,C=C[C@H]1CN2CC[C@H]1C[C@H]2[C@@H](C3=CC=NC4=CC=CC=C34)O,Yes,|substrate|,
Cortisone acetate,[H][C@@]12CC[C@](O)(C(=O)COC(C)=O)[C@@]1(C)CC(=O)[C@@]1([H])[C@@]2([H])CCC2=CC(=O)CC[C@]12C,Yes,|substrate|,
Dibucaine,CCCCOC1=NC2=CC=CC=C2C(=C1)C(=O)NCCN(CC)CC,Yes,|substrate|,
Dicloxacillin,[H][C@]12SC(C)(C)[C@@H](N1C(=O)[C@H]2NC(=O)C1=C(C)ON=C1C1=C(Cl)C=CC=C1Cl)C(O)=O,Yes,|substrate|,
Emetine,CC[C@H]1CN2CCC3=CC(=C(C=C3[C@@H]2C[C@@H]1C[C@@H]4C5=CC(=C(C=C5CCN4)OC)OC)OC)OC,Yes,|substrate|,
Famciclovir,CC(=O)OCC(CCN1C=NC2=CN=C(N)N=C12)COC(C)=O,Yes,|substrate|,
Flunisolide,[H][C@@]12C[C@@]3([H])[C@]4([H])C[C@H](F)C5=CC(=O)C=C[C@]5(C)[C@@]4([H])[C@@H](O)C[C@]3(C)[C@@]1(OC(C)(C)O2)C(=O)CO,Yes,|substrate|,
Gallopamil,COC1=CC(=CC(OC)=C1OC)C(CCCN(C)CCC1=CC(OC)=C(OC)C=C1)(C#N)C(C)C,Yes,|substrate|,
Labetalol,CC(CCC1=CC=CC=C1)NCC(O)C1=CC(C(N)=O)=C(O)C=C1,Yes,|substrate|,
Loperamide,CN(C)C(=O)C(CCN1CCC(O)(CC1)C1=CC=C(Cl)C=C1)(C1=CC=CC=C1)C1=CC=CC=C1,Yes,|substrate|,
Mequitazine,C(C1CN2CCC1CC2)N1C2=CC=CC=C2SC2=CC=CC=C12,Yes,|substrate|,
Morphine 6-glucuronide,CN1CC[C@]23[C@@H]4[C@H]1CC5=C2C(=C(C=C5)O)O[C@H]3[C@H](C=C4)O[C@H]6[C@@H]([C@H]([C@@H]([C@H](O6)C(=O)O)O)O)O,Yes,|substrate|,
Nalbuphine,O[C@H]1CC[C@@]2(O)[C@H]3CC4=CC=C(O)C5=C4[C@@]2(CCN3CC2CCC2)[C@H]1O5,Yes,|substrate|,
Ondansetron,CN1C2=C(C3=CC=CC=C13)C(=O)C(CN1C=CN=C1C)CC2,Yes,|substrate|,
Oseltamivir,CCOC(=O)C1=C[C@@H](OC(CC)CC)[C@H](NC(C)=O)[C@@H](N)C1,Yes,|substrate|,
Phosphatidylserine,CCCC(=O)O[C@H](COC(=O)CC)COP(=O)(O)OC[C@@H](C(=O)O)N,Yes,|substrate|,
Pirenzepine,CN1CCN(CC(=O)N2C3=CC=CC=C3C(=O)NC3=C2N=CC=C3)CC1,Yes,|substrate|,
Tramadol,COC1=CC=CC(=C1)[C@@]1(O)CCCC[C@@H]1CN(C)C,Yes,|substrate|,
Vindoline,CC[C@@]12C=CCN3[C@@H]1[C@]4(CC3)[C@H]([C@]([C@@H]2OC(=O)C)(C(=O)OC)O)N(C5=C4C=CC(=C5)OC)C,Yes,|substrate|,
Zolmitriptan,CN(C)CCC1=CNC2=CC=C(C[C@H]3COC(=O)N3)C=C12,Yes,|substrate|,
Catharanthin,CCC1=C[C@@H]2C[C@]3([C@@H]1N(C2)CCC4=C3NC5=CC=CC=C45)C(=O)OC,Yes,|substrate|,
L-Glutamic Acid,N[C@@H](CCC(O)=O)C(O)=O,Yes,|substrate|,
Methysergide,[H][C@@]12CC3=CN(C)C4=C3C(=CC=C4)C1=C[C@H](CN2C)C(=O)NC(CC)CO,Yes,|substrate|,
Puromycin,[H][C@](N)(CC1=CC=C(OC)C=C1)C(=O)N[C@]1([H])[C@@]([H])(CO)O[C@@]([H])(N2C=NC3=C(N=CN=C23)N(C)C)[C@]1([H])O,Yes,|substrate|,
Vinorelbine,[H][C@@]12N(C)C3=CC(OC)=C(C=C3[C@@]11CCN3CC=C[C@@](CC)([C@@H](OC(C)=O)[C@@]2(O)C(=O)OC)[C@@]13[H])[C@]1(C[C@@]2([H])CN(CC(CC)=C2)CC2=C1NC1=CC=CC=C21)C(=O)OC,Yes,|substrate|,
Talinolol,CC(C)(C)NCC(O)COC1=CC=C(NC(O)=NC2CCCCC2)C=C1,Yes,|substrate|,
Monensin,CC[C@]1(CC[C@@H](O1)[C@@]2(CC[C@@]3(O2)C[C@@H]([C@H]([C@H](O3)[C@@H](C)[C@H]([C@H](C)C(=O)O)OC)C)O)C)[C@H]4[C@H](C[C@@H](O4)[C@@H]5[C@H](C[C@H]([C@@](O5)(CO)O)C)C)C,Yes,|substrate|,
Tolbutamide,CCCCNC(=O)NS(=O)(=O)C1=CC=C(C)C=C1,Yes,|inhibitor|,
Benzylpenicillin,[H][C@]12SC(C)(C)[C@@H](N1C(=O)[C@H]2NC(=O)CC1=CC=CC=C1)C(O)=O,Yes,|inhibitor|,
Elacridar ,COC1=CC=CC2=C1NC1=C(C=CC=C1C(=O)NC1=CC=C(CCN3CCC4=CC(OC)=C(OC)C=C4C3)C=C1)C2=O,Yes,|inhibitor|,
Zosuquidar ,Cl.Cl.Cl.[H][C@]12C3=CC=CC=C3C(N3CCN(C[C@@H](O)COC4=CC=CC5=C4C=CC=N5)CC3)C3=CC=CC=C3[C@@]1([H])C2(F)F,Yes,|inhibitor|,
Valspodar,C\C=C\C[C@@H](C)C(=O)[C@@H]1N(C)C(=O)[C@H](C(C)C)N(C)C(=O)[C@H](CC(C)C)N(C)C(=O)[C@H](CC(C)C)N(C)C(=O)[C@@H](C)NC(=O)[C@H](C)NC(=O)[C@H](CC(C)C)N(C)C(=O)[C@@H](NC(=O)[C@H](CC(C)C)N(C)C(=O)CN(C)C(=O)[C@@H](NC1=O)C(C)C)C(C)C,Yes,|substrate|,
Desmethylsertraline,C1C[C@@H](C2=CC=CC=C2[C@@H]1C3=CC(=C(C=C3)Cl)Cl)N,Yes,|substrate|,
Methotrimeprazine,COC1=CC2=C(SC3=C(C=CC=C3)N2C[C@H](C)CN(C)C)C=C1,Yes,|substrate|,
Celiprolol,CCN(CC)C(=O)NC1=CC=C(OCC(O)CNC(C)(C)C)C(=C1)C(C)=O,Yes,|substrate|,
Tenofovir disoproxil,[H][C@@](C)(CN1C=NC2=C(N)N=CN=C12)OCP(=O)(OCOC(=O)OC(C)C)OCOC(=O)OC(C)C,Yes,|inhibitor|,
Vandetanib,COC1=C(OCC2CCN(C)CC2)C=C2N=CN=C(NC3=C(F)C=C(Br)C=C3)C2=C1,Yes,|substrate|,
Everolimus,[H][C@@]1(C[C@@H](C)[C@]2([H])CC(=O)[C@H](C)\C=C(C)\[C@@H](O)[C@@H](OC)C(=O)[C@H](C)C[C@H](C)\C=C\C=C\C=C(C)\[C@H](C[C@]3([H])CC[C@@H](C)[C@@](O)(O3)C(=O)C(=O)N3CCCC[C@@]3([H])C(=O)O2)OC)CC[C@@H](OCCO)[C@@H](C1)OC,Yes,|inhibitor|,
actinomycind,,,|substrate|,
adriamycin,,,|substrate|,
alpha_methyldigoxin,,,|substrate|,
amoxicillin,,,|substrate|,
beta_acetyldigoxin,,,|substrate|,
bunitrolol,,,|substrate|,
catharanthine,,,|substrate|,
NSC359449,,,|substrate|,
cortisol,,,|substrate|,
debrisoquine,,,|substrate|,
endosulfan,,,|substrate|,
enoxacin,,,|substrate|,
epirubicin,,,|substrate|,
farnesol,,,|substrate|,
Hoechst 33342,,,|substrate|,
hydroxyrubicin,,,|substrate|,
idopine,,,|substrate|,
K02,,,|substrate|,
loratidine,,,|substrate|,
L_dopa,,,|substrate|,
melphalan,,,|substrate|,
mithramycin,,,|substrate|,
modipine,,,|substrate|,
morphine-6-glucuronide,,,|substrate|,
navelbine,,,|substrate|,
nortriptyline,,,|substrate|,
NSC328426,,,|substrate|,
NSC339281,,,|substrate|,
NSC359449,,,|substrate|,
NSC630176,,,|substrate|,
NSC640085,,,|substrate|,
NSC66490,,,|substrate|,
pafenolol,,,|substrate|,
phenoxazine,,,|substrate|,
podophyllotoxin,,,|substrate|,
propiconazole,,,|substrate|,
rapamycin,,,|substrate|,
rhodamine 123,,,|substrate|,
rifampin,,,|substrate|,
taxol,,,|substrate|,
teniposide,,,|substrate|,
traphenyl-phosphonium bromide,,,|substrate|,
vindesine,,,|substrate|,
efavirenz,,,|substrate|,
dellavirdine,,,|substrate|,
nevirapine,,,|substrate|,
atovaquone,,,|inhibitor|,
azacyclonol,,,|inhibitor|,
benidipine,,,|inhibitor|,
broussochalconea,,,|inhibitor|,
chalcone,,,|inhibitor|,
chlorzoxazone,,,|inhibitor|,
chrysin,,,|inhibitor|,
cyproheptadine,,,|inhibitor|,
dehydrosilybin,,,|inhibitor|,
dexrazoxane,,,|inhibitor|,
8-DMA-chrysin,,,|inhibitor|,
8-DMA-galangin,,,|inhibitor|,
8-DMA-kaempferide,,,|inhibitor|,
NSC665333,,,|inhibitor|,
NSC667739,,,|inhibitor|,
NSC676590,,,|inhibitor|,
NSC676591,,,|inhibitor|,
NSC676597,,,|inhibitor|,
NSC676599,,,|inhibitor|,
NSC676600,,,|inhibitor|,
NSC68075,,,|inhibitor|,
piperine,,,|inhibitor|,
8-prenyl-chrysin,,,|inhibitor|,
8-prenyl-dehydrosilybin,,,|inhibitor|,
8-prenyl-galangin,,,|inhibitor|,
flavone,,,|inhibitor|,
fluvoxamine,,,|inhibitor|,
8-geranyl-chrysin,,,|inhibitor|,
8-geranyl-dehydrosilybin,,,|inhibitor|,
7-O-isopropylchrysin,,,|inhibitor|,
josamycin,,,|inhibitor|,
sufentanil,,,|inhibitor|,
thioridazine,,,|inhibitor|,
valinomycin,,,|inhibitor|,
spiperone,,,|substrate|inhibitor|,
amiloride,,,|substrate|inhibitor|,
FK506,,,|substrate|inhibitor|,
NSC668360,,,|substrate|inhibitor|,
NSC676605,,,|substrate|inhibitor|,
corticosterone,,,,
acetamido-deoxypodophyllotoxin,,,,
daunomycin,,,,
HOE33342,,,,
GF120918-1,,,,
phodamine123,,,,
digitoxigenin,,,,
isosafrole,,,,
nimodipine,,,,
dexniguldipine,,,,
S-farnesylcysteine-methylester,,,,
LY335979,,,,
azidopine,,,,
morphine-6-glucuronide,,,,
cefotetan,,,,
flunitrazepam,,,,
tetraphenylphosphonium,,,,
leupeptin,,,,
pararosaniline,,,,
S9788,,,,
safingol,,,,
