Cyclosporine,CC[C@@H]1NC(=O)[C@H]([C@H](O)[C@H](C)C\C=C\C)N(C)C(=O)[C@H](C(C)C)N(C)C(=O)[C@H](CC(C)C)N(C)C(=O)[C@H](CC(C)C)N(C)C(=O)[C@@H](C)NC(=O)[C@H](C)NC(=O)[C@H](CC(C)C)N(C)C(=O)[C@@H](NC(=O)[C@H](CC(C)C)N(C)C(=O)CN(C)C1=O)C(C)C,Yes,|inhibitor|,Drugbank 5.0
Riboflavin,CC1=C(C)C=C2N(C[C@H](O)[C@H](O)[C@H](O)CO)C3=NC(=O)NC(=O)C3=NC2=C1,Yes,|inhibitor|,Drugbank 5.0
Folic Acid,NC1=NC(=O)C2=NC(CNC3=CC=C(C=C3)C(=O)N[C@@H](CCC(O)=O)C(O)=O)=CN=C2N1,Yes,|inhibitor|,Drugbank 5.0
Aspartame,COC(=O)[C@H](CC1=CC=CC=C1)NC(=O)[C@@H](N)CC(O)=O,Yes,|inhibitor|,Drugbank 5.0
Pravastatin,[H][C@]12[C@H](C[C@H](O)C=C1C=C[C@H](C)[C@@H]2CC[C@@H](O)C[C@@H](O)CC(O)=O)OC(=O)[C@@H](C)CC,Yes,|inhibitor|,Drugbank 5.0
Cefotiam,[H][C@]12SCC(CSC3=NN=NN3CCN(C)C)=C(N1C(=O)[C@H]2NC(=O)CC1=CSC(N)=N1)C(O)=O,Yes,|inhibitor|,Drugbank 5.0
Doxycycline,[H][C@@]12[C@@H](C)C3=C(C(O)=CC=C3)C(=O)C1=C(O)[C@]1(O)C(=O)C(C(N)=O)=C(O)[C@@H](N(C)C)[C@]1([H])[C@H]2O,Yes,|inhibitor|,Drugbank 5.0
Tenofovir disoproxil,[H][C@@](C)(CN1C=NC2=C(N)N=CN=C12)OCP(=O)(OCOC(=O)OC(C)C)OCOC(=O)OC(C)C,Yes,|substrate|,Drugbank 5.0
Ethoxzolamide,CCOC1=CC2=C(C=C1)N=C(S2)S(N)(=O)=O,Yes,|inhibitor|,Drugbank 5.0
Valproic Acid,CCCC(CCC)C(O)=O,Yes,|inhibitor|,Drugbank 5.0
Acetaminophen,CC(=O)NC1=CC=C(O)C=C1,Yes,|inhibitor|,Drugbank 5.0
Piperacillin,[H][C@]12SC(C)(C)[C@@H](N1C(=O)[C@H]2NC(=O)[C@H](NC(=O)N1CCN(CC)C(=O)C1=O)C1=CC=CC=C1)C(O)=O,Yes,|inhibitor|,Drugbank 5.0
Indomethacin,COC1=CC2=C(C=C1)N(C(=O)C1=CC=C(Cl)C=C1)C(C)=C2CC(O)=O,Yes,|inhibitor|,Drugbank 5.0
Aminohippuric acid,NC1=CC=C(C=C1)C(=O)NCC(O)=O,Yes,|substrate|inhibitor|,Drugbank 5.0
Grepafloxacin,CC1CN(CCN1)C1=C(F)C(C)=C2C(=O)C(=CN(C3CC3)C2=C1)C(O)=O,Yes,|substrate|,Drugbank 5.0
Cidofovir,NC1=NC(=O)N(C[C@@H](CO)OCP(O)(O)=O)C=C1,Yes,|substrate|inhibitor|,Drugbank 5.0
Trifluridine,OC[C@H]1O[C@H](C[C@@H]1O)N1C=C(C(=O)NC1=O)C(F)(F)F,Yes,|inhibitor|,Drugbank 5.0
Ceftazidime,[O-]C(=O)C1=C(CS[C@]2([H])[C@H](NC(=O)C(=N/OC(C)(C)C(O)=O)\C3=CSC(N)=N3)C(=O)N12)C[N+]1=CC=CC=C1,Yes,|inhibitor|,Drugbank 5.0
Chloramphenicol,OC[C@@H](NC(=O)C(Cl)Cl)[C@H](O)C1=CC=C(C=C1)[N+]([O-])=O,Yes,|inhibitor|,Drugbank 5.0
Cefalotin,[H][C@]12SCC(COC(C)=O)=C(N1C(=O)[C@H]2NC(=O)CC1=CC=CS1)C(O)=O,Yes,|inhibitor|,Drugbank 5.0
Cefotaxime,[H][C@]12SCC(COC(C)=O)=C(N1C(=O)[C@H]2NC(=O)C(=N/OC)\C1=CSC(N)=N1)C(O)=O,Yes,|inhibitor|,Drugbank 5.0
Zidovudine,CC1=CN([C@H]2C[C@H](N=[N+]=[N-])[C@@H](CO)O2)C(=O)NC1=O,Yes,|,Drugbank 5.0
Tolmetin,CN1C(CC(O)=O)=CC=C1C(=O)C1=CC=C(C)C=C1,Yes,|inhibitor|,Drugbank 5.0
Cimetidine,C\N=C(\NCCSCC1=C(C)NC=N1)NC#N,Yes,|substrate|inhibitor|,Drugbank 5.0
Caspofungin,CCC(C)CC(C)CCCCCCCCC(=O)N[C@H]1C[C@@H](O)[C@@H](NCCN)NC(=O)[C@@H]2[C@@H](O)CCN2C(=O)[C@@H](NC(=O)[C@@H](NC(=O)[C@@H]2C[C@@H](O)CN2C(=O)[C@@H](NC1=O)[C@@H](C)O)[C@H](O)[C@@H](O)C1=CC=C(O)C=C1)[C@H](O)CCN,Yes,|inhibitor|,Drugbank 5.0
Foscarnet,OC(=O)P(O)(O)=O,Yes,|inhibitor|,Drugbank 5.0
Piroxicam,CN1C(C(=O)NC2=NC=CC=C2)=C(O)C2=C(C=CC=C2)S1(=O)=O,Yes,|inhibitor|,Drugbank 5.0
Methotrexate,CN(CC1=CN=C2N=C(N)N=C(N)C2=N1)C1=CC=C(C=C1)C(=O)N[C@@H](CCC(O)=O)C(O)=O,Yes,|substrate|inhibitor|,Drugbank 5.0
Cephalexin,[H][C@]12SCC(C)=C(N1C(=O)[C@H]2NC(=O)[C@H](N)C1=CC=CC=C1)C(O)=O,Yes,|substrate|inhibitor|,Drugbank 5.0
Valaciclovir,CC(C)[C@H](N)C(=O)OCCOCN1C=NC2=C1NC(N)=NC2=O,Yes,|,Drugbank 5.0
Carbenicillin,[H][C@]12SC(C)(C)[C@@H](N1C(=O)[C@H]2NC(=O)C(C(O)=O)C1=CC=CC=C1)C(O)=O,Yes,|inhibitor|,Drugbank 5.0
Enalapril,CCOC(=O)[C@H](CCC1=CC=CC=C1)N[C@@H](C)C(=O)N1CCC[C@H]1C(O)=O,Yes,|inhibitor|,Drugbank 5.0
Diclofenac,OC(=O)CC1=CC=CC=C1NC1=C(Cl)C=CC=C1Cl,Yes,|inhibitor|,Drugbank 5.0
Oxytetracycline,[H][C@@]12[C@@H](O)[C@@]3([H])C(C(=O)C4=C(O)C=CC=C4[C@@]3(C)O)=C(O)[C@]1(O)C(=O)C(C(N)=O)=C(O)[C@H]2N(C)C,Yes,|inhibitor|,Drugbank 5.0
Sulindac,CC1=C(CC(O)=O)C2=CC(F)=CC=C2\C1=C/C1=CC=C(C=C1)S(C)=O,Yes,|inhibitor|,Drugbank 5.0
Cyclothiazide,NS(=O)(=O)C1=C(Cl)C=C2NC(NS(=O)(=O)C2=C1)C1CC2CC1C=C2,Yes,|inhibitor|,Drugbank 5.0
Nafcillin,[H][C@]12SC(C)(C)[C@@H](N1C(=O)[C@H]2NC(=O)C1=C(OCC)C=CC2=CC=CC=C12)C(O)=O,Yes,|inhibitor|,Drugbank 5.0
Stavudine,CC1=CN([C@@H]2O[C@H](CO)C=C2)C(=O)NC1=O,Yes,|substrate|,Drugbank 5.0
Chlorpropamide,CCCNC(=O)NS(=O)(=O)C1=CC=C(Cl)C=C1,Yes,|inhibitor|,Drugbank 5.0
Losartan,CCCCC1=NC(Cl)=C(CO)N1CC1=CC=C(C=C1)C1=CC=CC=C1C1=NNN=N1,Yes,|inhibitor|,Drugbank 5.0
Fluorescein,OC1=CC2=C(C=C1)C1(OC(=O)C3=CC=CC=C13)C1=C(O2)C=C(O)C=C1,Yes,|inhibitor|,Drugbank 5.0
Furosemide,NS(=O)(=O)C1=C(Cl)C=C(NCC2=CC=CO2)C(=C1)C(O)=O,Yes,|inhibitor|inducer|,Drugbank 5.0
Methazolamide,CN1N=C(SC1=NC(C)=O)S(N)(=O)=O,Yes,|inhibitor|,Drugbank 5.0
Lamivudine,NC1=NC(=O)N(C=C1)[C@@H]1CS[C@H](CO)O1,Yes,|substrate|,Drugbank 5.0
Flurbiprofen,CC(C(O)=O)C1=CC(F)=C(C=C1)C1=CC=CC=C1,Yes,|inhibitor|,Drugbank 5.0
Adefovir Dipivoxil,CC(C)(C)C(=O)OCOP(=O)(COCCN1C=NC2=C(N)N=CN=C12)OCOC(=O)C(C)(C)C,Yes,|substrate|inhibitor|,Drugbank 5.0
Nateglinide,[H][C@](CC1=CC=CC=C1)(N=C(O)[C@@]1([H])CC[C@@]([H])(CC1)C(C)C)C(O)=O,Yes,|inhibitor|,Drugbank 5.0
Etodolac,CCC1=C2NC3=C(CCOC3(CC)CC(O)=O)C2=CC=C1,Yes,|inhibitor|,Drugbank 5.0
Tetracycline,[H][C@@]12C[C@@]3([H])C(=C(O)[C@]1(O)C(=O)C(C(N)=O)=C(O)[C@H]2N(C)C)C(=O)C1=C(O)C=CC=C1[C@@]3(C)O,Yes,|inhibitor|,Drugbank 5.0
Nalidixic Acid,CCN1C=C(C(O)=O)C(=O)C2=C1N=C(C)C=C2,Yes,|inhibitor|,Drugbank 5.0
Aciclovir,NC1=NC(=O)C2=C(N1)N(COCCO)C=N2,Yes,|substrate|inhibitor|,Drugbank 5.0
Naproxen,COC1=CC2=C(C=C1)C=C(C=C2)[C@H](C)C(O)=O,Yes,|inhibitor|,Drugbank 5.0
Gentamicin,CNC(C)C1CCC(N)C(OC2C(N)CC(N)C(OC3OCC(C)(O)C(NC)C3O)C2O)O1,Yes,|inhibitor|,Drugbank 5.0
Phenylbutazone,CCCCC1C(=O)N(N(C1=O)C1=CC=CC=C1)C1=CC=CC=C1,Yes,|inhibitor|,Drugbank 5.0
Acetazolamide,CC(=O)NC1=NN=C(S1)S(N)(=O)=O,Yes,|inhibitor|,Drugbank 5.0
Carprofen,CC(C(O)=O)C1=CC2=C(C=C1)C1=C(N2)C=CC(Cl)=C1,Yes,|inhibitor|,Drugbank 5.0
Cinoxacin,CCN1N=C(C(O)=O)C(=O)C2=CC3=C(OCO3)C=C12,Yes,|inhibitor|,Drugbank 5.0
Diflunisal,OC(=O)C1=C(O)C=CC(=C1)C1=C(F)C=C(F)C=C1,Yes,|inhibitor|,Drugbank 5.0
Chlorothiazide,NS(=O)(=O)C1=C(Cl)C=C2NC=NS(=O)(=O)C2=C1,Yes,|inhibitor|,Drugbank 5.0
Bumetanide,CCCCNC1=C(OC2=CC=CC=C2)C(=CC(=C1)C(O)=O)S(N)(=O)=O,Yes,|inhibitor|,Drugbank 5.0
Didanosine,OC[C@@H]1CC[C@@H](O1)N1C=NC2=C1NC=NC2=O,Yes,|substrate|,Drugbank 5.0
Etacrynic acid,CCC(=C)C(=O)C1=C(Cl)C(Cl)=C(OCC(O)=O)C=C1,Yes,|inhibitor|,Drugbank 5.0
Dinoprostone,CCCCC[C@H](O)\C=C\[C@H]1[C@H](O)CC(=O)[C@@H]1C\C=C/CCCC(O)=O,Yes,|substrate|inhibitor|,Drugbank 5.0
Salicylic acid,OC(=O)C1=CC=CC=C1O,Yes,|inhibitor|,Drugbank 5.0
Meclofenamic acid,CC1=C(Cl)C(NC2=CC=CC=C2C(O)=O)=C(Cl)C=C1,Yes,|inhibitor|,Drugbank 5.0
Zalcitabine,NC1=NC(=O)N(C=C1)[C@H]1CC[C@@H](CO)O1,Yes,|substrate|,Drugbank 5.0
Acetylsalicylic acid,CC(=O)OC1=CC=CC=C1C(O)=O,Yes,|inhibitor|,Drugbank 5.0
Hydrochlorothiazide,NS(=O)(=O)C1=C(Cl)C=C2NCNS(=O)(=O)C2=C1,Yes,|inhibitor|,Drugbank 5.0
Ganciclovir,NC1=NC2=C(N=CN2COC(CO)CO)C(=O)N1,Yes,|inhibitor|,Drugbank 5.0
Ketoprofen,CC(C(O)=O)C1=CC(=CC=C1)C(=O)C1=CC=CC=C1,Yes,|inhibitor|,Drugbank 5.0
Glyburide,COC1=C(C=C(Cl)C=C1)C(=O)NCCC1=CC=C(C=C1)S(=O)(=O)NC(=O)NC1CCCCC1,Yes,|inhibitor|,Drugbank 5.0
Minocycline,[H][C@@]12CC3=C(C(O)=CC=C3N(C)C)C(=O)C1=C(O)[C@]1(O)C(=O)C(C(N)=O)=C(O)[C@@H](N(C)C)[C@]1([H])C2,Yes,|inhibitor|,Drugbank 5.0
Probenecid,CCCN(CCC)S(=O)(=O)C1=CC=C(C=C1)C(O)=O,Yes,|inhibitor|,Drugbank 5.0
Ibuprofen,CC(C)CC1=CC=C(C=C1)C(C)C(O)=O,Yes,|inhibitor|,Drugbank 5.0
Novobiocin,CO[C@@H]1[C@@H](OC(N)=O)[C@@H](O)[C@H](OC2=C(C)C3=C(C=C2)C(O)=C(NC(=O)C2=CC=C(O)C(CC=C(C)C)=C2)C(=O)O3)OC1(C)C,Yes,|inhibitor|,Drugbank 5.0
Benzylpenicillin,[H][C@]12SC(C)(C)[C@@H](N1C(=O)[C@H]2NC(=O)CC1=CC=CC=C1)C(O)=O,Yes,|inhibitor|,Drugbank 5.0
Norfloxacin,CCN1C=C(C(O)=O)C(=O)C2=CC(F)=C(C=C12)N1CCNCC1,Yes,|inhibitor|,Drugbank 5.0
Amoxicillin,[H][C@]12SC(C)(C)[C@@H](N1C(=O)[C@H]2NC(=O)[C@H](N)C1=CC=C(O)C=C1)C(O)=O,Yes,|inhibitor|,Drugbank 5.0
Streptomycin,CN[C@H]1[C@H](O)[C@@H](O)[C@H](CO)O[C@H]1O[C@H]1[C@H](O[C@H]2[C@H](O)[C@@H](O)[C@H](NC(N)=N)[C@@H](O)[C@@H]2NC(N)=N)O[C@@H](C)[C@]1(O)C=O,Yes,|inhibitor|,Drugbank 5.0
Tolbutamide,CCCCNC(=O)NS(=O)(=O)C1=CC=C(C)C=C1,Yes,|inhibitor|,Drugbank 5.0
Levofloxacin,C[C@H]1COC2=C3N1C=C(C(O)=O)C(=O)C3=CC(F)=C2N1CCN(C)CC1,Yes,|substrate|,Drugbank 5.0
Cefadroxil,[H][C@]12SCC(C)=C(N1C(=O)[C@H]2NC(=O)[C@H](N)C1=CC=C(O)C=C1)C(O)=O,Yes,|inhibitor|,Drugbank 5.0
Cloxacillin,[H][C@]12SC(C)(C)[C@@H](N1C(=O)[C@H]2NC(=O)C1=C(C)ON=C1C1=CC=CC=C1Cl)C(O)=O,Yes,|inhibitor|,Drugbank 5.0
Dinoprost Tromethamine,OCC(N)(CO)CO.CCCCC[C@H](O)\C=C\[C@H]1[C@H](O)C[C@H](O)[C@@H]1C\C=C/CCCC(O)=O,Yes,|,Drugbank 5.0
Ofloxacin,CC1COC2=C3N1C=C(C(O)=O)C(=O)C3=CC(F)=C2N1CCN(C)CC1,Yes,|inhibitor|,Drugbank 5.0
Captopril,C[C@H](CS)C(=O)N1CCC[C@H]1C(O)=O,Yes,|inhibitor|,Drugbank 5.0
Ceftriaxone,[H][C@]12SCC(CSC3=NC(=O)C(=O)NN3C)=C(N1C(=O)[C@H]2NC(=O)C(=N/OC)\C1=CSC(N)=N1)C(O)=O,Yes,|inhibitor|,Drugbank 5.0
Bromodiphenhydramine,CN(C)CCOC(C1=CC=CC=C1)C1=CC=C(Br)C=C1,Yes,|,Drugbank 5.0
Cefamandole,[H][C@]12SCC(CSC3=NN=NN3C)=C(N1C(=O)[C@H]2NC(=O)[C@H](O)C1=CC=CC=C1)C(O)=O,Yes,|inhibitor|,Drugbank 5.0
Cefazolin,[H][C@]12SCC(CSC3=NN=C(C)S3)=C(N1C(=O)[C@H]2NC(=O)CN1C=NN=N1)C(O)=O,Yes,|substrate|inhibitor|,Drugbank 5.0
Cefoperazone,[H][C@]12SCC(CSC3=NN=NN3C)=C(N1C(=O)[C@H]2NC(=O)C(NC(=O)N1CCN(CC)C(=O)C1=O)C1=CC=C(O)C=C1)C(O)=O,Yes,|inhibitor|,Drugbank 5.0
Cefradine,[H][C@]12SCC(C)=C(N1C(=O)[C@H]2NC(=O)[C@H](N)C1=CCC=CC1)C(O)=O,Yes,|inhibitor|,Drugbank 5.0
Cefacetrile,[H][C@]12SCC(COC(C)=O)=C(N1C(=O)[C@H]2NC(=O)CC#N)C(O)=O,Yes,|substrate|inhibitor|,Drugbank 5.0
Aminophenazone,CN(C)C1=C(C)N(C)N(C1=O)C1=CC=CC=C1,Yes,|inhibitor|,Drugbank 5.0
Antipyrine,CN1N(C(=O)C=C1C)C1=CC=CC=C1,Yes,|inhibitor|,Drugbank 5.0
Cilastatin,N[C@@H](CSCCCC\C=C(/NC(=O)[C@H]1CC1(C)C)C(=O)O)C(=O)O,Yes,|inhibitor|,Drugbank 5.0
Topiroxostat,N#CC1=NC=CC(=C1)C1=NNC(=N1)C1=CC=NC=C1,Yes,|inhibitor|,Drugbank 5.0
Flufenamic Acid,OC(=O)C1=CC=CC=C1NC1=CC(=CC=C1)C(F)(F)F,Yes,|inhibitor|,Drugbank 5.0
Cyclic Guanosine Monophosphate,NC1=NC2=C(N=CN2[C@@H]2O[C@@H]3COP(O)(=O)O[C@H]3[C@H]2O)C(=O)N1,Yes,|,Drugbank 5.0
Cyclic Adenosine Monophosphate,NC1=NC=NC2=C1N=CN2[C@@H]1O[C@@H]2COP(O)(=O)O[C@H]2[C@H]1O,Yes,|substrate|,Drugbank 5.0
Glutaric Acid,OC(=O)CCCC(O)=O,Yes,|substrate|inhibitor|,Drugbank 5.0
Oxyphenbutazone,CCCCC1C(=O)N(N(C1=O)C1=CC=C(O)C=C1)C1=CC=CC=C1,Yes,|inhibitor|,Drugbank 5.0
Phenacetin,CCOC1=CC=C(NC(C)=O)C=C1,Yes,|inhibitor|,Drugbank 5.0
Degraded Cephaloridine,[H][C@@](NC(=O)CC1=CC=CS1)(C=O)[C@]1([H])NC(C(O)=O)=C(C)CS1,Yes,|,Drugbank 5.0
Taurocholic Acid,[H][C@@]1(CC[C@@]2([H])[C@]3([H])[C@H](O)C[C@]4([H])C[C@H](O)CC[C@]4(C)[C@@]3([H])C[C@H](O)[C@]12C)[C@H](C)CCC(=O)NCCS(O)(=O)=O,Yes,|substrate|inhibitor|,Drugbank 5.0
Caprylic acid,CCCCCCCC(O)=O,Yes,|inhibitor|,Drugbank 5.0
Acetylcysteine,CC(=O)N[C@@H](CS)C(O)=O,Yes,|,Drugbank 5.0
Uric Acid,O=C1NC2=C(N1)C(=O)NC(=O)N2,Yes,|,Drugbank 5.0
Ellagic Acid,OC1=C(O)C2=C3C(=C1)C(=O)OC1=C3C(=CC(O)=C1O)C(=O)O2,Yes,|,Drugbank 5.0
Dabrafenib,CC(C)(C)C1=NC(=C(S1)C1=NC(N)=NC=C1)C1=C(F)C(NS(=O)(=O)C2=C(F)C=CC=C2F)=CC=C1,Yes,|inhibitor|,Drugbank 5.0
Dolutegravir,[H][C@]12CN3C=C(C(=O)NCC4=CC=C(F)C=C4F)C(=O)C(O)=C3C(=O)N1[C@H](C)CCO2,Yes,|inhibitor|,Drugbank 5.0
Baricitinib,CCS(=O)(=O)N1CC(CC#N)(C1)N1C=C(C=N1)C1=C2C=CNC2=NC=N1,Yes,|inhibitor|,Drugbank 5.0
Rucaparib,CNCC1=CC=C(C=C1)C1=C2CCNC(=O)C3=C2C(N1)=CC(F)=C3,Yes,|inhibitor|,Drugbank 5.0
Enasidenib,CC(C)(O)CNC1=NC(=NC(NC2=CC(=NC=C2)C(F)(F)F)=N1)C1=NC(=CC=C1)C(F)(F)F,Yes,|inhibitor|,Drugbank 5.0
glutarate,,,,
ketoglutarate,,,,
"2,3-dimercapto-1-propanesulfonic acid",,,,
p-aminohippurate,,,,
ochratoxin,,,,
acyclovir ,,,,
3'-azido-3-'deoxythymidine,,,,
"2,4-dichloro-phenoxyacetate",,,,
hippurate ,,,,
indoleacetate ,,,,
indoxyl sulfate,,,,
3-carboxy-4-methyl-5-propyl-2-furanpropionate,,,,
9-(2-phosphonylmethoxyethyl) guanine,,,,
9-(2-phosphonylmethoxyethyl) diaminopurine,,,,
edaravone sulfate,,,,
p-chloromercuribenzenesulphonate,,,,
diethyl pyrocarbonate,,,,
okadaic acid,,,,
benzothiazolylcysteine ,,,,
S-chlorotrifluoroethylcysteine,,,,
cysteine S-conjugates S-dichlorovinylcysteine,,,,
steviol,,,,
phorbol 12-myristate 13-acetate,,,,
calcium ionophore A23187,,,,
bumetamide,,,,
phenol red,,,,
urate,,,,
alpha-ketoglutarate,,,,
indoxyl sulfate,,,,PMID: 21476605
pantothenic acid,,,,PMID: 21476605
4-pyridoxic acid,,,,PMID: 21476605
kynurenine ,,,,PMID: 21476605
xanthurenic acid,,,,PMID: 21476605
L-methionine,,,,PMID: 21476605
indole-3-lactic acid,,,,PMID: 21476605
p-hydroxyphenyllactic acid,,,,PMID: 21476605
"1,5-dicaffeoylquinic acid",,,|inhibitor|,PMID: 23573138
"1,3-dicaffeoylquinic acid",,,|inhibitor|,PMID: 23573138
ginkgolic acid,,,|inhibitor|,PMID: 23573138
18β-glycyrrhetinic acid,,,|inhibitor|,PMID: 23573138
lithospermic acid,,,|inhibitor|,PMID: 23229784
rosmarinic acid,,,|inhibitor|,PMID: 23229784
salvianolic acid A,,,|inhibitor|,PMID: 23229784
salvianolic acid B,,,|inhibitor|,PMID: 23229784
tanshinol,,,|inhibitor|,PMID: 23229784
oxaprozin,,,|inhibitor|,PMID: 22973893
mefenamic acid,,,|inhibitor|,PMID: 22973893
ketorolac tromethamine,,,|inhibitor|,PMID: 22973893
amlexanox,,,|inhibitor|,PMID: 22973893
nitazoxanide,,,|inhibitor|,PMID: 22973893
telmisartan,,,|inhibitor|,PMID: 22973893
parecoxib na,,,|inhibitor|,PMID: 22973893
